question_id,type,action,k,complete,hit,recall,base_stage,base_complete,mean_seconds,mean_action_seconds,extra_dense_queries,lexical_queries,rerank_pairs,base_origin
DIR-01,direct_single_clause,STOP,5,1,1,1.0,SUCCESS,1,0.013227612944319844,1.5874975360929966e-05,0,0,0,REUSED_20260927
DIR-01,direct_single_clause,STOP,10,1,1,1.0,SUCCESS,1,0.013227612944319844,1.5874975360929966e-05,0,0,0,REUSED_20260927
DIR-01,direct_single_clause,STOP,15,1,1,1.0,SUCCESS,1,0.013227612944319844,1.5874975360929966e-05,0,0,0,REUSED_20260927
DIR-01,direct_single_clause,RERANK,5,1,1,1.0,SUCCESS,1,0.14289682998787612,0.1296850920189172,0,0,50,REUSED_20260927
DIR-01,direct_single_clause,RERANK,10,1,1,1.0,SUCCESS,1,0.14289682998787612,0.1296850920189172,0,0,50,REUSED_20260927
DIR-01,direct_single_clause,RERANK,15,1,1,1.0,SUCCESS,1,0.14289682998787612,0.1296850920189172,0,0,50,REUSED_20260927
DIR-01,direct_single_clause,REFERENCE,5,1,1,1.0,SUCCESS,1,0.14275142643600702,0.1295396884670481,0,0,50,REUSED_20260927
DIR-01,direct_single_clause,REFERENCE,10,1,1,1.0,SUCCESS,1,0.14275142643600702,0.1295396884670481,0,0,50,REUSED_20260927
DIR-01,direct_single_clause,REFERENCE,15,1,1,1.0,SUCCESS,1,0.14275142643600702,0.1295396884670481,0,0,50,REUSED_20260927
DIR-01,direct_single_clause,SPLIT,5,1,1,1.0,SUCCESS,1,0.14329022099263966,0.13007848302368075,0,0,50,REUSED_20260927
DIR-01,direct_single_clause,SPLIT,10,1,1,1.0,SUCCESS,1,0.14329022099263966,0.13007848302368075,0,0,50,REUSED_20260927
DIR-01,direct_single_clause,SPLIT,15,1,1,1.0,SUCCESS,1,0.14329022099263966,0.13007848302368075,0,0,50,REUSED_20260927
DIR-01,direct_single_clause,HYBRID_RERANK,5,1,1,1.0,SUCCESS,1,0.27160113537684083,0.2583893974078819,0,1,50,REUSED_20260927
DIR-01,direct_single_clause,HYBRID_RERANK,10,1,1,1.0,SUCCESS,1,0.27160113537684083,0.2583893974078819,0,1,50,REUSED_20260927
DIR-01,direct_single_clause,HYBRID_RERANK,15,1,1,1.0,SUCCESS,1,0.27160113537684083,0.2583893974078819,0,1,50,REUSED_20260927
DIR-01,direct_single_clause,KEEP3,5,1,1,1.0,SUCCESS,1,0.14290730434004217,0.12969556637108326,0,0,50,REUSED_20260927
DIR-01,direct_single_clause,KEEP3,10,1,1,1.0,SUCCESS,1,0.14290730434004217,0.12969556637108326,0,0,50,REUSED_20260927
DIR-01,direct_single_clause,KEEP3,15,1,1,1.0,SUCCESS,1,0.14290730434004217,0.12969556637108326,0,0,50,REUSED_20260927
DIR-02,direct_single_clause,STOP,5,1,1,1.0,SUCCESS,1,0.013727308600209653,2.1385611034929752e-05,0,0,0,REUSED_20260927
DIR-02,direct_single_clause,STOP,10,1,1,1.0,SUCCESS,1,0.013727308600209653,2.1385611034929752e-05,0,0,0,REUSED_20260927
DIR-02,direct_single_clause,STOP,15,1,1,1.0,SUCCESS,1,0.013727308600209653,2.1385611034929752e-05,0,0,0,REUSED_20260927
DIR-02,direct_single_clause,RERANK,5,1,1,1.0,SUCCESS,1,0.13958477997221053,0.1258788569830358,0,0,50,REUSED_20260927
DIR-02,direct_single_clause,RERANK,10,1,1,1.0,SUCCESS,1,0.13958477997221053,0.1258788569830358,0,0,50,REUSED_20260927
DIR-02,direct_single_clause,RERANK,15,1,1,1.0,SUCCESS,1,0.13958477997221053,0.1258788569830358,0,0,50,REUSED_20260927
DIR-02,direct_single_clause,REFERENCE,5,1,1,1.0,SUCCESS,1,0.15448804758489132,0.1407821245957166,0,0,50,REUSED_20260927
DIR-02,direct_single_clause,REFERENCE,10,1,1,1.0,SUCCESS,1,0.15448804758489132,0.1407821245957166,0,0,50,REUSED_20260927
DIR-02,direct_single_clause,REFERENCE,15,1,1,1.0,SUCCESS,1,0.15448804758489132,0.1407821245957166,0,0,50,REUSED_20260927
DIR-02,direct_single_clause,SPLIT,5,1,1,1.0,SUCCESS,1,0.14086388796567917,0.12715796497650445,0,0,50,REUSED_20260927
DIR-02,direct_single_clause,SPLIT,10,1,1,1.0,SUCCESS,1,0.14086388796567917,0.12715796497650445,0,0,50,REUSED_20260927
DIR-02,direct_single_clause,SPLIT,15,1,1,1.0,SUCCESS,1,0.14086388796567917,0.12715796497650445,0,0,50,REUSED_20260927
DIR-02,direct_single_clause,HYBRID_RERANK,5,1,1,1.0,SUCCESS,1,0.28790839295834303,0.2742024699691683,0,1,50,REUSED_20260927
DIR-02,direct_single_clause,HYBRID_RERANK,10,1,1,1.0,SUCCESS,1,0.28790839295834303,0.2742024699691683,0,1,50,REUSED_20260927
DIR-02,direct_single_clause,HYBRID_RERANK,15,1,1,1.0,SUCCESS,1,0.28790839295834303,0.2742024699691683,0,1,50,REUSED_20260927
DIR-02,direct_single_clause,KEEP3,5,1,1,1.0,SUCCESS,1,0.13959203846752644,0.1258861154783517,0,0,50,REUSED_20260927
DIR-02,direct_single_clause,KEEP3,10,1,1,1.0,SUCCESS,1,0.13959203846752644,0.1258861154783517,0,0,50,REUSED_20260927
DIR-02,direct_single_clause,KEEP3,15,1,1,1.0,SUCCESS,1,0.13959203846752644,0.1258861154783517,0,0,50,REUSED_20260927
DIR-03,direct_single_clause,STOP,5,1,1,1.0,SUCCESS,1,0.013249202980659902,1.9751954823732376e-05,0,0,0,REUSED_20260927
DIR-03,direct_single_clause,STOP,10,1,1,1.0,SUCCESS,1,0.013249202980659902,1.9751954823732376e-05,0,0,0,REUSED_20260927
DIR-03,direct_single_clause,STOP,15,1,1,1.0,SUCCESS,1,0.013249202980659902,1.9751954823732376e-05,0,0,0,REUSED_20260927
DIR-03,direct_single_clause,RERANK,5,1,1,1.0,SUCCESS,1,0.15170827752444893,0.13847882649861276,0,0,50,REUSED_20260927
DIR-03,direct_single_clause,RERANK,10,1,1,1.0,SUCCESS,1,0.15170827752444893,0.13847882649861276,0,0,50,REUSED_20260927
DIR-03,direct_single_clause,RERANK,15,1,1,1.0,SUCCESS,1,0.15170827752444893,0.13847882649861276,0,0,50,REUSED_20260927
DIR-03,direct_single_clause,REFERENCE,5,1,1,1.0,SUCCESS,1,0.15078688296489418,0.137557431939058,0,0,50,REUSED_20260927
DIR-03,direct_single_clause,REFERENCE,10,1,1,1.0,SUCCESS,1,0.15078688296489418,0.137557431939058,0,0,50,REUSED_20260927
DIR-03,direct_single_clause,REFERENCE,15,1,1,1.0,SUCCESS,1,0.15078688296489418,0.137557431939058,0,0,50,REUSED_20260927
DIR-03,direct_single_clause,SPLIT,5,1,1,1.0,SUCCESS,1,0.15064099850133061,0.13741154747549444,0,0,50,REUSED_20260927
DIR-03,direct_single_clause,SPLIT,10,1,1,1.0,SUCCESS,1,0.15064099850133061,0.13741154747549444,0,0,50,REUSED_20260927
DIR-03,direct_single_clause,SPLIT,15,1,1,1.0,SUCCESS,1,0.15064099850133061,0.13741154747549444,0,0,50,REUSED_20260927
DIR-03,direct_single_clause,HYBRID_RERANK,5,1,1,1.0,SUCCESS,1,0.18617459444794804,0.17294514342211187,0,1,50,REUSED_20260927
DIR-03,direct_single_clause,HYBRID_RERANK,10,1,1,1.0,SUCCESS,1,0.18617459444794804,0.17294514342211187,0,1,50,REUSED_20260927
DIR-03,direct_single_clause,HYBRID_RERANK,15,1,1,1.0,SUCCESS,1,0.18617459444794804,0.17294514342211187,0,1,50,REUSED_20260927
DIR-03,direct_single_clause,KEEP3,5,1,1,1.0,SUCCESS,1,0.15171484008897096,0.1384853890631348,0,0,50,REUSED_20260927
DIR-03,direct_single_clause,KEEP3,10,1,1,1.0,SUCCESS,1,0.15171484008897096,0.1384853890631348,0,0,50,REUSED_20260927
DIR-03,direct_single_clause,KEEP3,15,1,1,1.0,SUCCESS,1,0.15171484008897096,0.1384853890631348,0,0,50,REUSED_20260927
DIR-04,direct_single_clause,STOP,5,1,1,1.0,SUCCESS,1,0.01326130551751703,1.7888611182570457e-05,0,0,0,REUSED_20260927
DIR-04,direct_single_clause,STOP,10,1,1,1.0,SUCCESS,1,0.01326130551751703,1.7888611182570457e-05,0,0,0,REUSED_20260927
DIR-04,direct_single_clause,STOP,15,1,1,1.0,SUCCESS,1,0.01326130551751703,1.7888611182570457e-05,0,0,0,REUSED_20260927
DIR-04,direct_single_clause,RERANK,5,1,1,1.0,SUCCESS,1,0.13513836485799402,0.12189494795165956,0,0,50,REUSED_20260927
DIR-04,direct_single_clause,RERANK,10,1,1,1.0,SUCCESS,1,0.13513836485799402,0.12189494795165956,0,0,50,REUSED_20260927
DIR-04,direct_single_clause,RERANK,15,1,1,1.0,SUCCESS,1,0.13513836485799402,0.12189494795165956,0,0,50,REUSED_20260927
DIR-04,direct_single_clause,REFERENCE,5,1,1,1.0,SUCCESS,1,0.13544846954755485,0.12220505264122039,0,0,50,REUSED_20260927
DIR-04,direct_single_clause,REFERENCE,10,1,1,1.0,SUCCESS,1,0.13544846954755485,0.12220505264122039,0,0,50,REUSED_20260927
DIR-04,direct_single_clause,REFERENCE,15,1,1,1.0,SUCCESS,1,0.13544846954755485,0.12220505264122039,0,0,50,REUSED_20260927
DIR-04,direct_single_clause,SPLIT,5,1,1,1.0,SUCCESS,1,0.1355097193736583,0.12226630246732384,0,0,50,REUSED_20260927
DIR-04,direct_single_clause,SPLIT,10,1,1,1.0,SUCCESS,1,0.1355097193736583,0.12226630246732384,0,0,50,REUSED_20260927
DIR-04,direct_single_clause,SPLIT,15,1,1,1.0,SUCCESS,1,0.1355097193736583,0.12226630246732384,0,0,50,REUSED_20260927
DIR-04,direct_single_clause,HYBRID_RERANK,5,1,1,1.0,SUCCESS,1,0.16390708088874817,0.1506636639824137,0,1,50,REUSED_20260927
DIR-04,direct_single_clause,HYBRID_RERANK,10,1,1,1.0,SUCCESS,1,0.16390708088874817,0.1506636639824137,0,1,50,REUSED_20260927
DIR-04,direct_single_clause,HYBRID_RERANK,15,1,1,1.0,SUCCESS,1,0.16390708088874817,0.1506636639824137,0,1,50,REUSED_20260927
DIR-04,direct_single_clause,KEEP3,5,1,1,1.0,SUCCESS,1,0.13514566875528544,0.12190225184895098,0,0,50,REUSED_20260927
DIR-04,direct_single_clause,KEEP3,10,1,1,1.0,SUCCESS,1,0.13514566875528544,0.12190225184895098,0,0,50,REUSED_20260927
DIR-04,direct_single_clause,KEEP3,15,1,1,1.0,SUCCESS,1,0.13514566875528544,0.12190225184895098,0,0,50,REUSED_20260927
DIR-05,direct_single_clause,STOP,5,1,1,1.0,SUCCESS,1,0.013582905987277627,2.0649051293730736e-05,0,0,0,REUSED_20260927
DIR-05,direct_single_clause,STOP,10,1,1,1.0,SUCCESS,1,0.013582905987277627,2.0649051293730736e-05,0,0,0,REUSED_20260927
DIR-05,direct_single_clause,STOP,15,1,1,1.0,SUCCESS,1,0.013582905987277627,2.0649051293730736e-05,0,0,0,REUSED_20260927
DIR-05,direct_single_clause,RERANK,5,1,1,1.0,SUCCESS,1,0.1390573310200125,0.1254950740840286,0,0,50,REUSED_20260927
DIR-05,direct_single_clause,RERANK,10,1,1,1.0,SUCCESS,1,0.1390573310200125,0.1254950740840286,0,0,50,REUSED_20260927
DIR-05,direct_single_clause,RERANK,15,1,1,1.0,SUCCESS,1,0.1390573310200125,0.1254950740840286,0,0,50,REUSED_20260927
DIR-05,direct_single_clause,REFERENCE,5,1,1,1.0,SUCCESS,1,0.14144947996828705,0.12788722303230315,0,0,50,REUSED_20260927
DIR-05,direct_single_clause,REFERENCE,10,1,1,1.0,SUCCESS,1,0.14144947996828705,0.12788722303230315,0,0,50,REUSED_20260927
DIR-05,direct_single_clause,REFERENCE,15,1,1,1.0,SUCCESS,1,0.14144947996828705,0.12788722303230315,0,0,50,REUSED_20260927
DIR-05,direct_single_clause,SPLIT,5,1,1,1.0,SUCCESS,1,0.13760152598842978,0.12403926905244589,0,0,50,REUSED_20260927
DIR-05,direct_single_clause,SPLIT,10,1,1,1.0,SUCCESS,1,0.13760152598842978,0.12403926905244589,0,0,50,REUSED_20260927
DIR-05,direct_single_clause,SPLIT,15,1,1,1.0,SUCCESS,1,0.13760152598842978,0.12403926905244589,0,0,50,REUSED_20260927
DIR-05,direct_single_clause,HYBRID_RERANK,5,1,1,1.0,SUCCESS,1,0.2066914460156113,0.1931291890796274,0,1,50,REUSED_20260927
DIR-05,direct_single_clause,HYBRID_RERANK,10,1,1,1.0,SUCCESS,1,0.2066914460156113,0.1931291890796274,0,1,50,REUSED_20260927
DIR-05,direct_single_clause,HYBRID_RERANK,15,1,1,1.0,SUCCESS,1,0.2066914460156113,0.1931291890796274,0,1,50,REUSED_20260927
DIR-05,direct_single_clause,KEEP3,5,1,1,1.0,SUCCESS,1,0.1390669740503654,0.1255047171143815,0,0,50,REUSED_20260927
DIR-05,direct_single_clause,KEEP3,10,1,1,1.0,SUCCESS,1,0.1390669740503654,0.1255047171143815,0,0,50,REUSED_20260927
DIR-05,direct_single_clause,KEEP3,15,1,1,1.0,SUCCESS,1,0.1390669740503654,0.1255047171143815,0,0,50,REUSED_20260927
DIR-06,direct_single_clause,STOP,5,1,1,1.0,SUCCESS,1,0.013686156598851085,1.687707845121622e-05,0,0,0,REUSED_20260927
DIR-06,direct_single_clause,STOP,10,1,1,1.0,SUCCESS,1,0.013686156598851085,1.687707845121622e-05,0,0,0,REUSED_20260927
DIR-06,direct_single_clause,STOP,15,1,1,1.0,SUCCESS,1,0.013686156598851085,1.687707845121622e-05,0,0,0,REUSED_20260927
DIR-06,direct_single_clause,RERANK,5,1,1,1.0,SUCCESS,1,0.13903367053717375,0.12536439101677388,0,0,50,REUSED_20260927
DIR-06,direct_single_clause,RERANK,10,1,1,1.0,SUCCESS,1,0.13903367053717375,0.12536439101677388,0,0,50,REUSED_20260927
DIR-06,direct_single_clause,RERANK,15,1,1,1.0,SUCCESS,1,0.13903367053717375,0.12536439101677388,0,0,50,REUSED_20260927
DIR-06,direct_single_clause,REFERENCE,5,1,1,1.0,SUCCESS,1,0.13671196450013667,0.1230426849797368,0,0,50,REUSED_20260927
DIR-06,direct_single_clause,REFERENCE,10,1,1,1.0,SUCCESS,1,0.13671196450013667,0.1230426849797368,0,0,50,REUSED_20260927
DIR-06,direct_single_clause,REFERENCE,15,1,1,1.0,SUCCESS,1,0.13671196450013667,0.1230426849797368,0,0,50,REUSED_20260927
DIR-06,direct_single_clause,SPLIT,5,1,1,1.0,SUCCESS,1,0.1366264884127304,0.12295720889233053,0,0,50,REUSED_20260927
DIR-06,direct_single_clause,SPLIT,10,1,1,1.0,SUCCESS,1,0.1366264884127304,0.12295720889233053,0,0,50,REUSED_20260927
DIR-06,direct_single_clause,SPLIT,15,1,1,1.0,SUCCESS,1,0.1366264884127304,0.12295720889233053,0,0,50,REUSED_20260927
DIR-06,direct_single_clause,HYBRID_RERANK,5,1,1,1.0,SUCCESS,1,0.19117605045903474,0.17750677093863487,0,1,50,REUSED_20260927
DIR-06,direct_single_clause,HYBRID_RERANK,10,1,1,1.0,SUCCESS,1,0.19117605045903474,0.17750677093863487,0,1,50,REUSED_20260927
DIR-06,direct_single_clause,HYBRID_RERANK,15,1,1,1.0,SUCCESS,1,0.19117605045903474,0.17750677093863487,0,1,50,REUSED_20260927
DIR-06,direct_single_clause,KEEP3,5,1,1,1.0,SUCCESS,1,0.13904364896006882,0.12537436943966895,0,0,50,REUSED_20260927
DIR-06,direct_single_clause,KEEP3,10,1,1,1.0,SUCCESS,1,0.13904364896006882,0.12537436943966895,0,0,50,REUSED_20260927
DIR-06,direct_single_clause,KEEP3,15,1,1,1.0,SUCCESS,1,0.13904364896006882,0.12537436943966895,0,0,50,REUSED_20260927
DIR-07,direct_single_clause,STOP,5,1,1,1.0,SUCCESS,1,0.01321221305988729,2.0573497749865055e-05,0,0,0,REUSED_20260927
DIR-07,direct_single_clause,STOP,10,1,1,1.0,SUCCESS,1,0.01321221305988729,2.0573497749865055e-05,0,0,0,REUSED_20260927
DIR-07,direct_single_clause,STOP,15,1,1,1.0,SUCCESS,1,0.01321221305988729,2.0573497749865055e-05,0,0,0,REUSED_20260927
DIR-07,direct_single_clause,RERANK,5,1,1,1.0,SUCCESS,1,0.14266147906892002,0.1294698395067826,0,0,50,REUSED_20260927
DIR-07,direct_single_clause,RERANK,10,1,1,1.0,SUCCESS,1,0.14266147906892002,0.1294698395067826,0,0,50,REUSED_20260927
DIR-07,direct_single_clause,RERANK,15,1,1,1.0,SUCCESS,1,0.14266147906892002,0.1294698395067826,0,0,50,REUSED_20260927
DIR-07,direct_single_clause,REFERENCE,5,1,1,1.0,SUCCESS,1,0.14200210804119706,0.12881046847905964,0,0,50,REUSED_20260927
DIR-07,direct_single_clause,REFERENCE,10,1,1,1.0,SUCCESS,1,0.14200210804119706,0.12881046847905964,0,0,50,REUSED_20260927
DIR-07,direct_single_clause,REFERENCE,15,1,1,1.0,SUCCESS,1,0.14200210804119706,0.12881046847905964,0,0,50,REUSED_20260927
DIR-07,direct_single_clause,SPLIT,5,1,1,1.0,SUCCESS,1,0.14233101217541844,0.129139372613281,0,0,50,REUSED_20260927
DIR-07,direct_single_clause,SPLIT,10,1,1,1.0,SUCCESS,1,0.14233101217541844,0.129139372613281,0,0,50,REUSED_20260927
DIR-07,direct_single_clause,SPLIT,15,1,1,1.0,SUCCESS,1,0.14233101217541844,0.129139372613281,0,0,50,REUSED_20260927
DIR-07,direct_single_clause,HYBRID_RERANK,5,1,1,1.0,SUCCESS,1,0.25050710909999907,0.23731546953786165,0,1,50,REUSED_20260927
DIR-07,direct_single_clause,HYBRID_RERANK,10,1,1,1.0,SUCCESS,1,0.25050710909999907,0.23731546953786165,0,1,50,REUSED_20260927
DIR-07,direct_single_clause,HYBRID_RERANK,15,1,1,1.0,SUCCESS,1,0.25050710909999907,0.23731546953786165,0,1,50,REUSED_20260927
DIR-07,direct_single_clause,KEEP3,5,1,1,1.0,SUCCESS,1,0.142670881585218,0.1294792420230806,0,0,50,REUSED_20260927
DIR-07,direct_single_clause,KEEP3,10,1,1,1.0,SUCCESS,1,0.142670881585218,0.1294792420230806,0,0,50,REUSED_20260927
DIR-07,direct_single_clause,KEEP3,15,1,1,1.0,SUCCESS,1,0.142670881585218,0.1294792420230806,0,0,50,REUSED_20260927
DIR-08,direct_single_clause,STOP,5,1,1,1.0,SUCCESS,1,0.013601906946860254,2.0453473553061485e-05,0,0,0,REUSED_20260927
DIR-08,direct_single_clause,STOP,10,1,1,1.0,SUCCESS,1,0.013601906946860254,2.0453473553061485e-05,0,0,0,REUSED_20260927
DIR-08,direct_single_clause,STOP,15,1,1,1.0,SUCCESS,1,0.013601906946860254,2.0453473553061485e-05,0,0,0,REUSED_20260927
DIR-08,direct_single_clause,RERANK,5,1,1,1.0,SUCCESS,1,0.18461746245156974,0.17103600897826254,0,0,50,REUSED_20260927
DIR-08,direct_single_clause,RERANK,10,1,1,1.0,SUCCESS,1,0.18461746245156974,0.17103600897826254,0,0,50,REUSED_20260927
DIR-08,direct_single_clause,RERANK,15,1,1,1.0,SUCCESS,1,0.18461746245156974,0.17103600897826254,0,0,50,REUSED_20260927
DIR-08,direct_single_clause,REFERENCE,5,1,1,1.0,SUCCESS,1,0.18406629946548492,0.17048484599217772,0,0,50,REUSED_20260927
DIR-08,direct_single_clause,REFERENCE,10,1,1,1.0,SUCCESS,1,0.18406629946548492,0.17048484599217772,0,0,50,REUSED_20260927
DIR-08,direct_single_clause,REFERENCE,15,1,1,1.0,SUCCESS,1,0.18406629946548492,0.17048484599217772,0,0,50,REUSED_20260927
DIR-08,direct_single_clause,SPLIT,5,1,1,1.0,SUCCESS,1,0.18411770148668438,0.1705362480133772,0,0,50,REUSED_20260927
DIR-08,direct_single_clause,SPLIT,10,1,1,1.0,SUCCESS,1,0.18411770148668438,0.1705362480133772,0,0,50,REUSED_20260927
DIR-08,direct_single_clause,SPLIT,15,1,1,1.0,SUCCESS,1,0.18411770148668438,0.1705362480133772,0,0,50,REUSED_20260927
DIR-08,direct_single_clause,HYBRID_RERANK,5,1,1,1.0,SUCCESS,1,0.2617301599821076,0.2481487065088004,0,1,50,REUSED_20260927
DIR-08,direct_single_clause,HYBRID_RERANK,10,1,1,1.0,SUCCESS,1,0.2617301599821076,0.2481487065088004,0,1,50,REUSED_20260927
DIR-08,direct_single_clause,HYBRID_RERANK,15,1,1,1.0,SUCCESS,1,0.2617301599821076,0.2481487065088004,0,1,50,REUSED_20260927
DIR-08,direct_single_clause,KEEP3,5,1,1,1.0,SUCCESS,1,0.18462635949254036,0.17104490601923317,0,0,50,REUSED_20260927
DIR-08,direct_single_clause,KEEP3,10,1,1,1.0,SUCCESS,1,0.18462635949254036,0.17104490601923317,0,0,50,REUSED_20260927
DIR-08,direct_single_clause,KEEP3,15,1,1,1.0,SUCCESS,1,0.18462635949254036,0.17104490601923317,0,0,50,REUSED_20260927
DIR-09,direct_single_clause,STOP,5,1,1,1.0,SUCCESS,1,0.013394436449743807,2.051296178251505e-05,0,0,0,REUSED_20260927
DIR-09,direct_single_clause,STOP,10,1,1,1.0,SUCCESS,1,0.013394436449743807,2.051296178251505e-05,0,0,0,REUSED_20260927
DIR-09,direct_single_clause,STOP,15,1,1,1.0,SUCCESS,1,0.013394436449743807,2.051296178251505e-05,0,0,0,REUSED_20260927
DIR-09,direct_single_clause,RERANK,5,1,1,1.0,SUCCESS,1,0.15981483343057334,0.14644090994261205,0,0,50,REUSED_20260927
DIR-09,direct_single_clause,RERANK,10,1,1,1.0,SUCCESS,1,0.15981483343057334,0.14644090994261205,0,0,50,REUSED_20260927
DIR-09,direct_single_clause,RERANK,15,1,1,1.0,SUCCESS,1,0.15981483343057334,0.14644090994261205,0,0,50,REUSED_20260927
DIR-09,direct_single_clause,REFERENCE,5,1,1,1.0,SUCCESS,1,0.16181495902128518,0.14844103553332388,0,0,50,REUSED_20260927
DIR-09,direct_single_clause,REFERENCE,10,1,1,1.0,SUCCESS,1,0.16181495902128518,0.14844103553332388,0,0,50,REUSED_20260927
DIR-09,direct_single_clause,REFERENCE,15,1,1,1.0,SUCCESS,1,0.16181495902128518,0.14844103553332388,0,0,50,REUSED_20260927
DIR-09,direct_single_clause,SPLIT,5,1,1,1.0,SUCCESS,1,0.17920530249830335,0.16583137901034206,2,0,50,REUSED_20260927
DIR-09,direct_single_clause,SPLIT,10,1,1,1.0,SUCCESS,1,0.17920530249830335,0.16583137901034206,2,0,50,REUSED_20260927
DIR-09,direct_single_clause,SPLIT,15,1,1,1.0,SUCCESS,1,0.17920530249830335,0.16583137901034206,2,0,50,REUSED_20260927
DIR-09,direct_single_clause,HYBRID_RERANK,5,1,1,1.0,SUCCESS,1,0.21518447902053595,0.20181055553257465,0,1,50,REUSED_20260927
DIR-09,direct_single_clause,HYBRID_RERANK,10,1,1,1.0,SUCCESS,1,0.21518447902053595,0.20181055553257465,0,1,50,REUSED_20260927
DIR-09,direct_single_clause,HYBRID_RERANK,15,1,1,1.0,SUCCESS,1,0.21518447902053595,0.20181055553257465,0,1,50,REUSED_20260927
DIR-09,direct_single_clause,KEEP3,5,1,1,1.0,SUCCESS,1,0.15982389554847032,0.14644997206050903,0,0,50,REUSED_20260927
DIR-09,direct_single_clause,KEEP3,10,1,1,1.0,SUCCESS,1,0.15982389554847032,0.14644997206050903,0,0,50,REUSED_20260927
DIR-09,direct_single_clause,KEEP3,15,1,1,1.0,SUCCESS,1,0.15982389554847032,0.14644997206050903,0,0,50,REUSED_20260927
DIR-10,direct_single_clause,STOP,5,1,1,1.0,SUCCESS,1,0.013335040537640452,1.972250174731016e-05,0,0,0,REUSED_20260927
DIR-10,direct_single_clause,STOP,10,1,1,1.0,SUCCESS,1,0.013335040537640452,1.972250174731016e-05,0,0,0,REUSED_20260927
DIR-10,direct_single_clause,STOP,15,1,1,1.0,SUCCESS,1,0.013335040537640452,1.972250174731016e-05,0,0,0,REUSED_20260927
DIR-10,direct_single_clause,RERANK,5,1,1,1.0,SUCCESS,1,0.17291840200778097,0.15960308397188783,0,0,50,REUSED_20260927
DIR-10,direct_single_clause,RERANK,10,1,1,1.0,SUCCESS,1,0.17291840200778097,0.15960308397188783,0,0,50,REUSED_20260927
DIR-10,direct_single_clause,RERANK,15,1,1,1.0,SUCCESS,1,0.17291840200778097,0.15960308397188783,0,0,50,REUSED_20260927
DIR-10,direct_single_clause,REFERENCE,5,1,1,1.0,SUCCESS,1,0.17437742301262915,0.161062104976736,0,0,50,REUSED_20260927
DIR-10,direct_single_clause,REFERENCE,10,1,1,1.0,SUCCESS,1,0.17437742301262915,0.161062104976736,0,0,50,REUSED_20260927
DIR-10,direct_single_clause,REFERENCE,15,1,1,1.0,SUCCESS,1,0.17437742301262915,0.161062104976736,0,0,50,REUSED_20260927
DIR-10,direct_single_clause,SPLIT,5,1,1,1.0,SUCCESS,1,0.17196052300278097,0.15864520496688783,0,0,50,REUSED_20260927
DIR-10,direct_single_clause,SPLIT,10,1,1,1.0,SUCCESS,1,0.17196052300278097,0.15864520496688783,0,0,50,REUSED_20260927
DIR-10,direct_single_clause,SPLIT,15,1,1,1.0,SUCCESS,1,0.17196052300278097,0.15864520496688783,0,0,50,REUSED_20260927
DIR-10,direct_single_clause,HYBRID_RERANK,5,1,1,1.0,SUCCESS,1,0.28638001799117774,0.2730646999552846,0,1,50,REUSED_20260927
DIR-10,direct_single_clause,HYBRID_RERANK,10,1,1,1.0,SUCCESS,1,0.28638001799117774,0.2730646999552846,0,1,50,REUSED_20260927
DIR-10,direct_single_clause,HYBRID_RERANK,15,1,1,1.0,SUCCESS,1,0.28638001799117774,0.2730646999552846,0,1,50,REUSED_20260927
DIR-10,direct_single_clause,KEEP3,5,1,1,1.0,SUCCESS,1,0.1729274446843192,0.15961212664842606,0,0,50,REUSED_20260927
DIR-10,direct_single_clause,KEEP3,10,1,1,1.0,SUCCESS,1,0.1729274446843192,0.15961212664842606,0,0,50,REUSED_20260927
DIR-10,direct_single_clause,KEEP3,15,1,1,1.0,SUCCESS,1,0.1729274446843192,0.15961212664842606,0,0,50,REUSED_20260927
DIR-11,direct_single_clause,STOP,5,1,1,1.0,SUCCESS,1,0.013176286360248923,1.9586877897381783e-05,0,0,0,REUSED_20260927
DIR-11,direct_single_clause,STOP,10,1,1,1.0,SUCCESS,1,0.013176286360248923,1.9586877897381783e-05,0,0,0,REUSED_20260927
DIR-11,direct_single_clause,STOP,15,1,1,1.0,SUCCESS,1,0.013176286360248923,1.9586877897381783e-05,0,0,0,REUSED_20260927
DIR-11,direct_single_clause,RERANK,5,1,1,1.0,SUCCESS,1,0.1432221004506573,0.13006540096830577,0,0,50,REUSED_20260927
DIR-11,direct_single_clause,RERANK,10,1,1,1.0,SUCCESS,1,0.1432221004506573,0.13006540096830577,0,0,50,REUSED_20260927
DIR-11,direct_single_clause,RERANK,15,1,1,1.0,SUCCESS,1,0.1432221004506573,0.13006540096830577,0,0,50,REUSED_20260927
DIR-11,direct_single_clause,REFERENCE,5,1,1,1.0,SUCCESS,1,0.14245065301656723,0.1292939535342157,0,0,50,REUSED_20260927
DIR-11,direct_single_clause,REFERENCE,10,1,1,1.0,SUCCESS,1,0.14245065301656723,0.1292939535342157,0,0,50,REUSED_20260927
DIR-11,direct_single_clause,REFERENCE,15,1,1,1.0,SUCCESS,1,0.14245065301656723,0.1292939535342157,0,0,50,REUSED_20260927
DIR-11,direct_single_clause,SPLIT,5,1,1,1.0,SUCCESS,1,0.14576190698426217,0.13260520750191063,0,0,50,REUSED_20260927
DIR-11,direct_single_clause,SPLIT,10,1,1,1.0,SUCCESS,1,0.14576190698426217,0.13260520750191063,0,0,50,REUSED_20260927
DIR-11,direct_single_clause,SPLIT,15,1,1,1.0,SUCCESS,1,0.14576190698426217,0.13260520750191063,0,0,50,REUSED_20260927
DIR-11,direct_single_clause,HYBRID_RERANK,5,1,1,1.0,SUCCESS,1,0.19470724801067263,0.1815505485283211,0,1,50,REUSED_20260927
DIR-11,direct_single_clause,HYBRID_RERANK,10,1,1,1.0,SUCCESS,1,0.19470724801067263,0.1815505485283211,0,1,50,REUSED_20260927
DIR-11,direct_single_clause,HYBRID_RERANK,15,1,1,1.0,SUCCESS,1,0.19470724801067263,0.1815505485283211,0,1,50,REUSED_20260927
DIR-11,direct_single_clause,KEEP3,5,1,1,1.0,SUCCESS,1,0.14323165349196643,0.13007495400961488,0,0,50,REUSED_20260927
DIR-11,direct_single_clause,KEEP3,10,1,1,1.0,SUCCESS,1,0.14323165349196643,0.13007495400961488,0,0,50,REUSED_20260927
DIR-11,direct_single_clause,KEEP3,15,1,1,1.0,SUCCESS,1,0.14323165349196643,0.13007495400961488,0,0,50,REUSED_20260927
DIR-12,direct_single_clause,STOP,5,1,1,1.0,SUCCESS,1,0.013110457104630768,2.1625543013215065e-05,0,0,0,REUSED_20260927
DIR-12,direct_single_clause,STOP,10,1,1,1.0,SUCCESS,1,0.013110457104630768,2.1625543013215065e-05,0,0,0,REUSED_20260927
DIR-12,direct_single_clause,STOP,15,1,1,1.0,SUCCESS,1,0.013110457104630768,2.1625543013215065e-05,0,0,0,REUSED_20260927
DIR-12,direct_single_clause,RERANK,5,1,1,1.0,SUCCESS,1,0.23834353045094758,0.22525469888933003,0,0,50,REUSED_20260927
DIR-12,direct_single_clause,RERANK,10,1,1,1.0,SUCCESS,1,0.23834353045094758,0.22525469888933003,0,0,50,REUSED_20260927
DIR-12,direct_single_clause,RERANK,15,1,1,1.0,SUCCESS,1,0.23834353045094758,0.22525469888933003,0,0,50,REUSED_20260927
DIR-12,direct_single_clause,REFERENCE,5,1,1,1.0,SUCCESS,1,0.23751813697163016,0.2244293054100126,0,0,50,REUSED_20260927
DIR-12,direct_single_clause,REFERENCE,10,1,1,1.0,SUCCESS,1,0.23751813697163016,0.2244293054100126,0,0,50,REUSED_20260927
DIR-12,direct_single_clause,REFERENCE,15,1,1,1.0,SUCCESS,1,0.23751813697163016,0.2244293054100126,0,0,50,REUSED_20260927
DIR-12,direct_single_clause,SPLIT,5,1,1,1.0,SUCCESS,1,0.23837804608047009,0.22528921451885253,0,0,50,REUSED_20260927
DIR-12,direct_single_clause,SPLIT,10,1,1,1.0,SUCCESS,1,0.23837804608047009,0.22528921451885253,0,0,50,REUSED_20260927
DIR-12,direct_single_clause,SPLIT,15,1,1,1.0,SUCCESS,1,0.23837804608047009,0.22528921451885253,0,0,50,REUSED_20260927
DIR-12,direct_single_clause,HYBRID_RERANK,5,1,1,1.0,SUCCESS,1,0.2049689490813762,0.19188011751975864,0,1,50,REUSED_20260927
DIR-12,direct_single_clause,HYBRID_RERANK,10,1,1,1.0,SUCCESS,1,0.2049689490813762,0.19188011751975864,0,1,50,REUSED_20260927
DIR-12,direct_single_clause,HYBRID_RERANK,15,1,1,1.0,SUCCESS,1,0.2049689490813762,0.19188011751975864,0,1,50,REUSED_20260927
DIR-12,direct_single_clause,KEEP3,5,1,1,1.0,SUCCESS,1,0.23835127044003457,0.22526243887841702,0,0,50,REUSED_20260927
DIR-12,direct_single_clause,KEEP3,10,1,1,1.0,SUCCESS,1,0.23835127044003457,0.22526243887841702,0,0,50,REUSED_20260927
DIR-12,direct_single_clause,KEEP3,15,1,1,1.0,SUCCESS,1,0.23835127044003457,0.22526243887841702,0,0,50,REUSED_20260927
APP-01,applicability_near_miss,STOP,5,1,1,1.0,SUCCESS,1,0.01317770464811474,2.0073610357940197e-05,0,0,0,REUSED_20260927
APP-01,applicability_near_miss,STOP,10,1,1,1.0,SUCCESS,1,0.01317770464811474,2.0073610357940197e-05,0,0,0,REUSED_20260927
APP-01,applicability_near_miss,STOP,15,1,1,1.0,SUCCESS,1,0.01317770464811474,2.0073610357940197e-05,0,0,0,REUSED_20260927
APP-01,applicability_near_miss,RERANK,5,1,1,1.0,SUCCESS,1,0.1434665124397725,0.13030888140201569,0,0,50,REUSED_20260927
APP-01,applicability_near_miss,RERANK,10,1,1,1.0,SUCCESS,1,0.1434665124397725,0.13030888140201569,0,0,50,REUSED_20260927
APP-01,applicability_near_miss,RERANK,15,1,1,1.0,SUCCESS,1,0.1434665124397725,0.13030888140201569,0,0,50,REUSED_20260927
APP-01,applicability_near_miss,REFERENCE,5,1,1,1.0,SUCCESS,1,0.14209117356222123,0.12893354252446443,0,0,50,REUSED_20260927
APP-01,applicability_near_miss,REFERENCE,10,1,1,1.0,SUCCESS,1,0.14209117356222123,0.12893354252446443,0,0,50,REUSED_20260927
APP-01,applicability_near_miss,REFERENCE,15,1,1,1.0,SUCCESS,1,0.14209117356222123,0.12893354252446443,0,0,50,REUSED_20260927
APP-01,applicability_near_miss,SPLIT,5,1,1,1.0,SUCCESS,1,0.14250933565199375,0.12935170461423695,0,0,50,REUSED_20260927
APP-01,applicability_near_miss,SPLIT,10,1,1,1.0,SUCCESS,1,0.14250933565199375,0.12935170461423695,0,0,50,REUSED_20260927
APP-01,applicability_near_miss,SPLIT,15,1,1,1.0,SUCCESS,1,0.14250933565199375,0.12935170461423695,0,0,50,REUSED_20260927
APP-01,applicability_near_miss,HYBRID_RERANK,5,1,1,1.0,SUCCESS,1,0.2753303814679384,0.2621727504301816,0,1,50,REUSED_20260927
APP-01,applicability_near_miss,HYBRID_RERANK,10,1,1,1.0,SUCCESS,1,0.2753303814679384,0.2621727504301816,0,1,50,REUSED_20260927
APP-01,applicability_near_miss,HYBRID_RERANK,15,1,1,1.0,SUCCESS,1,0.2753303814679384,0.2621727504301816,0,1,50,REUSED_20260927
APP-01,applicability_near_miss,KEEP3,5,1,1,1.0,SUCCESS,1,0.14347536384593695,0.13031773280818015,0,0,50,REUSED_20260927
APP-01,applicability_near_miss,KEEP3,10,1,1,1.0,SUCCESS,1,0.14347536384593695,0.13031773280818015,0,0,50,REUSED_20260927
APP-01,applicability_near_miss,KEEP3,15,1,1,1.0,SUCCESS,1,0.14347536384593695,0.13031773280818015,0,0,50,REUSED_20260927
APP-02,applicability_near_miss,STOP,5,1,1,1.0,SUCCESS,1,0.013578924001194537,2.0783976651728153e-05,0,0,0,REUSED_20260927
APP-02,applicability_near_miss,STOP,10,1,1,1.0,SUCCESS,1,0.013578924001194537,2.0783976651728153e-05,0,0,0,REUSED_20260927
APP-02,applicability_near_miss,STOP,15,1,1,1.0,SUCCESS,1,0.013578924001194537,2.0783976651728153e-05,0,0,0,REUSED_20260927
APP-02,applicability_near_miss,RERANK,5,1,1,1.0,SUCCESS,1,0.14613937446847558,0.13258123444393277,0,0,50,REUSED_20260927
APP-02,applicability_near_miss,RERANK,10,1,1,1.0,SUCCESS,1,0.14613937446847558,0.13258123444393277,0,0,50,REUSED_20260927
APP-02,applicability_near_miss,RERANK,15,1,1,1.0,SUCCESS,1,0.14613937446847558,0.13258123444393277,0,0,50,REUSED_20260927
APP-02,applicability_near_miss,REFERENCE,5,1,1,1.0,SUCCESS,1,0.14694859366863966,0.13339045364409685,0,0,50,REUSED_20260927
APP-02,applicability_near_miss,REFERENCE,10,1,1,1.0,SUCCESS,1,0.14694859366863966,0.13339045364409685,0,0,50,REUSED_20260927
APP-02,applicability_near_miss,REFERENCE,15,1,1,1.0,SUCCESS,1,0.14694859366863966,0.13339045364409685,0,0,50,REUSED_20260927
APP-02,applicability_near_miss,SPLIT,5,1,1,1.0,SUCCESS,1,0.14633423660416156,0.13277609657961875,0,0,50,REUSED_20260927
APP-02,applicability_near_miss,SPLIT,10,1,1,1.0,SUCCESS,1,0.14633423660416156,0.13277609657961875,0,0,50,REUSED_20260927
APP-02,applicability_near_miss,SPLIT,15,1,1,1.0,SUCCESS,1,0.14633423660416156,0.13277609657961875,0,0,50,REUSED_20260927
APP-02,applicability_near_miss,HYBRID_RERANK,5,1,1,1.0,SUCCESS,1,0.2795335204573348,0.265975380432792,0,1,50,REUSED_20260927
APP-02,applicability_near_miss,HYBRID_RERANK,10,1,1,1.0,SUCCESS,1,0.2795335204573348,0.265975380432792,0,1,50,REUSED_20260927
APP-02,applicability_near_miss,HYBRID_RERANK,15,1,1,1.0,SUCCESS,1,0.2795335204573348,0.265975380432792,0,1,50,REUSED_20260927
APP-02,applicability_near_miss,KEEP3,5,1,1,1.0,SUCCESS,1,0.1461475199321285,0.13258937990758568,0,0,50,REUSED_20260927
APP-02,applicability_near_miss,KEEP3,10,1,1,1.0,SUCCESS,1,0.1461475199321285,0.13258937990758568,0,0,50,REUSED_20260927
APP-02,applicability_near_miss,KEEP3,15,1,1,1.0,SUCCESS,1,0.1461475199321285,0.13258937990758568,0,0,50,REUSED_20260927
APP-03,applicability_near_miss,STOP,5,1,1,1.0,SUCCESS,1,0.013772553880698979,2.093939110636711e-05,0,0,0,REUSED_20260927
APP-03,applicability_near_miss,STOP,10,1,1,1.0,SUCCESS,1,0.013772553880698979,2.093939110636711e-05,0,0,0,REUSED_20260927
APP-03,applicability_near_miss,STOP,15,1,1,1.0,SUCCESS,1,0.013772553880698979,2.093939110636711e-05,0,0,0,REUSED_20260927
APP-03,applicability_near_miss,RERANK,5,1,1,1.0,SUCCESS,1,0.15392838860861957,0.14017677411902696,0,0,50,REUSED_20260927
APP-03,applicability_near_miss,RERANK,10,1,1,1.0,SUCCESS,1,0.15392838860861957,0.14017677411902696,0,0,50,REUSED_20260927
APP-03,applicability_near_miss,RERANK,15,1,1,1.0,SUCCESS,1,0.15392838860861957,0.14017677411902696,0,0,50,REUSED_20260927
APP-03,applicability_near_miss,REFERENCE,5,1,1,1.0,SUCCESS,1,0.1538027215283364,0.1400511070387438,0,0,50,REUSED_20260927
APP-03,applicability_near_miss,REFERENCE,10,1,1,1.0,SUCCESS,1,0.1538027215283364,0.1400511070387438,0,0,50,REUSED_20260927
APP-03,applicability_near_miss,REFERENCE,15,1,1,1.0,SUCCESS,1,0.1538027215283364,0.1400511070387438,0,0,50,REUSED_20260927
APP-03,applicability_near_miss,SPLIT,5,1,1,1.0,SUCCESS,1,0.15400210698135197,0.14025049249175936,0,0,50,REUSED_20260927
APP-03,applicability_near_miss,SPLIT,10,1,1,1.0,SUCCESS,1,0.15400210698135197,0.14025049249175936,0,0,50,REUSED_20260927
APP-03,applicability_near_miss,SPLIT,15,1,1,1.0,SUCCESS,1,0.15400210698135197,0.14025049249175936,0,0,50,REUSED_20260927
APP-03,applicability_near_miss,HYBRID_RERANK,5,1,1,1.0,SUCCESS,1,0.31737727450672537,0.30362566001713276,0,1,50,REUSED_20260927
APP-03,applicability_near_miss,HYBRID_RERANK,10,1,1,1.0,SUCCESS,1,0.31737727450672537,0.30362566001713276,0,1,50,REUSED_20260927
APP-03,applicability_near_miss,HYBRID_RERANK,15,1,1,1.0,SUCCESS,1,0.31737727450672537,0.30362566001713276,0,1,50,REUSED_20260927
APP-03,applicability_near_miss,KEEP3,5,1,1,1.0,SUCCESS,1,0.1539362835464999,0.1401846690569073,0,0,50,REUSED_20260927
APP-03,applicability_near_miss,KEEP3,10,1,1,1.0,SUCCESS,1,0.1539362835464999,0.1401846690569073,0,0,50,REUSED_20260927
APP-03,applicability_near_miss,KEEP3,15,1,1,1.0,SUCCESS,1,0.1539362835464999,0.1401846690569073,0,0,50,REUSED_20260927
APP-04,applicability_near_miss,STOP,5,0,0,0.0,RANK_ONLY,0,0.013478254433721304,1.783843617886305e-05,0,0,0,REUSED_20260927
APP-04,applicability_near_miss,STOP,10,1,1,1.0,SUCCESS,1,0.013478254433721304,1.783843617886305e-05,0,0,0,REUSED_20260927
APP-04,applicability_near_miss,STOP,15,1,1,1.0,SUCCESS,1,0.013478254433721304,1.783843617886305e-05,0,0,0,REUSED_20260927
APP-04,applicability_near_miss,RERANK,5,1,1,1.0,RANK_ONLY,0,0.20181706198491156,0.18835664598736912,0,0,50,REUSED_20260927
APP-04,applicability_near_miss,RERANK,10,1,1,1.0,SUCCESS,1,0.20181706198491156,0.18835664598736912,0,0,50,REUSED_20260927
APP-04,applicability_near_miss,RERANK,15,1,1,1.0,SUCCESS,1,0.20181706198491156,0.18835664598736912,0,0,50,REUSED_20260927
APP-04,applicability_near_miss,REFERENCE,5,1,1,1.0,RANK_ONLY,0,0.20202868105843663,0.1885682650608942,0,0,50,REUSED_20260927
APP-04,applicability_near_miss,REFERENCE,10,1,1,1.0,SUCCESS,1,0.20202868105843663,0.1885682650608942,0,0,50,REUSED_20260927
APP-04,applicability_near_miss,REFERENCE,15,1,1,1.0,SUCCESS,1,0.20202868105843663,0.1885682650608942,0,0,50,REUSED_20260927
APP-04,applicability_near_miss,SPLIT,5,1,1,1.0,RANK_ONLY,0,0.20104817498940974,0.1875877589918673,0,0,50,REUSED_20260927
APP-04,applicability_near_miss,SPLIT,10,1,1,1.0,SUCCESS,1,0.20104817498940974,0.1875877589918673,0,0,50,REUSED_20260927
APP-04,applicability_near_miss,SPLIT,15,1,1,1.0,SUCCESS,1,0.20104817498940974,0.1875877589918673,0,0,50,REUSED_20260927
APP-04,applicability_near_miss,HYBRID_RERANK,5,1,1,1.0,RANK_ONLY,0,0.34759693837258965,0.3341365223750472,0,1,50,REUSED_20260927
APP-04,applicability_near_miss,HYBRID_RERANK,10,1,1,1.0,SUCCESS,1,0.34759693837258965,0.3341365223750472,0,1,50,REUSED_20260927
APP-04,applicability_near_miss,HYBRID_RERANK,15,1,1,1.0,SUCCESS,1,0.34759693837258965,0.3341365223750472,0,1,50,REUSED_20260927
APP-04,applicability_near_miss,KEEP3,5,0,0,0.0,RANK_ONLY,0,0.20182727137580514,0.1883668553782627,0,0,50,REUSED_20260927
APP-04,applicability_near_miss,KEEP3,10,1,1,1.0,SUCCESS,1,0.20182727137580514,0.1883668553782627,0,0,50,REUSED_20260927
APP-04,applicability_near_miss,KEEP3,15,1,1,1.0,SUCCESS,1,0.20182727137580514,0.1883668553782627,0,0,50,REUSED_20260927
APP-05,applicability_near_miss,STOP,5,1,1,1.0,SUCCESS,1,0.013510204036720097,2.1275016479194164e-05,0,0,0,REUSED_20260927
APP-05,applicability_near_miss,STOP,10,1,1,1.0,SUCCESS,1,0.013510204036720097,2.1275016479194164e-05,0,0,0,REUSED_20260927
APP-05,applicability_near_miss,STOP,15,1,1,1.0,SUCCESS,1,0.013510204036720097,2.1275016479194164e-05,0,0,0,REUSED_20260927
APP-05,applicability_near_miss,RERANK,5,1,1,1.0,SUCCESS,1,0.16823789046611637,0.15474896144587547,0,0,50,REUSED_20260927
APP-05,applicability_near_miss,RERANK,10,1,1,1.0,SUCCESS,1,0.16823789046611637,0.15474896144587547,0,0,50,REUSED_20260927
APP-05,applicability_near_miss,RERANK,15,1,1,1.0,SUCCESS,1,0.16823789046611637,0.15474896144587547,0,0,50,REUSED_20260927
APP-05,applicability_near_miss,REFERENCE,5,1,1,1.0,SUCCESS,1,0.16995369538199157,0.15646476636175066,0,0,50,REUSED_20260927
APP-05,applicability_near_miss,REFERENCE,10,1,1,1.0,SUCCESS,1,0.16995369538199157,0.15646476636175066,0,0,50,REUSED_20260927
APP-05,applicability_near_miss,REFERENCE,15,1,1,1.0,SUCCESS,1,0.16995369538199157,0.15646476636175066,0,0,50,REUSED_20260927
APP-05,applicability_near_miss,SPLIT,5,1,1,1.0,SUCCESS,1,0.16916539648082107,0.15567646746058017,0,0,50,REUSED_20260927
APP-05,applicability_near_miss,SPLIT,10,1,1,1.0,SUCCESS,1,0.16916539648082107,0.15567646746058017,0,0,50,REUSED_20260927
APP-05,applicability_near_miss,SPLIT,15,1,1,1.0,SUCCESS,1,0.16916539648082107,0.15567646746058017,0,0,50,REUSED_20260927
APP-05,applicability_near_miss,HYBRID_RERANK,5,1,1,1.0,SUCCESS,1,0.2843806160381064,0.2708916870178655,0,1,50,REUSED_20260927
APP-05,applicability_near_miss,HYBRID_RERANK,10,1,1,1.0,SUCCESS,1,0.2843806160381064,0.2708916870178655,0,1,50,REUSED_20260927
APP-05,applicability_near_miss,HYBRID_RERANK,15,1,1,1.0,SUCCESS,1,0.2843806160381064,0.2708916870178655,0,1,50,REUSED_20260927
APP-05,applicability_near_miss,KEEP3,5,1,1,1.0,SUCCESS,1,0.1682470025261864,0.1547580735059455,0,0,50,REUSED_20260927
APP-05,applicability_near_miss,KEEP3,10,1,1,1.0,SUCCESS,1,0.1682470025261864,0.1547580735059455,0,0,50,REUSED_20260927
APP-05,applicability_near_miss,KEEP3,15,1,1,1.0,SUCCESS,1,0.1682470025261864,0.1547580735059455,0,0,50,REUSED_20260927
APP-06,applicability_near_miss,STOP,5,1,1,1.0,SUCCESS,1,0.013478980050422251,1.5769503079354763e-05,0,0,0,REUSED_20260927
APP-06,applicability_near_miss,STOP,10,1,1,1.0,SUCCESS,1,0.013478980050422251,1.5769503079354763e-05,0,0,0,REUSED_20260927
APP-06,applicability_near_miss,STOP,15,1,1,1.0,SUCCESS,1,0.013478980050422251,1.5769503079354763e-05,0,0,0,REUSED_20260927
APP-06,applicability_near_miss,RERANK,5,1,1,1.0,SUCCESS,1,0.14783179410733283,0.13436858355998993,0,0,50,REUSED_20260927
APP-06,applicability_near_miss,RERANK,10,1,1,1.0,SUCCESS,1,0.14783179410733283,0.13436858355998993,0,0,50,REUSED_20260927
APP-06,applicability_near_miss,RERANK,15,1,1,1.0,SUCCESS,1,0.14783179410733283,0.13436858355998993,0,0,50,REUSED_20260927
APP-06,applicability_near_miss,REFERENCE,5,1,1,1.0,SUCCESS,1,0.14745257946196944,0.13398936891462654,0,0,50,REUSED_20260927
APP-06,applicability_near_miss,REFERENCE,10,1,1,1.0,SUCCESS,1,0.14745257946196944,0.13398936891462654,0,0,50,REUSED_20260927
APP-06,applicability_near_miss,REFERENCE,15,1,1,1.0,SUCCESS,1,0.14745257946196944,0.13398936891462654,0,0,50,REUSED_20260927
APP-06,applicability_near_miss,SPLIT,5,1,1,1.0,SUCCESS,1,0.1479917495744303,0.1345285390270874,0,0,50,REUSED_20260927
APP-06,applicability_near_miss,SPLIT,10,1,1,1.0,SUCCESS,1,0.1479917495744303,0.1345285390270874,0,0,50,REUSED_20260927
APP-06,applicability_near_miss,SPLIT,15,1,1,1.0,SUCCESS,1,0.1479917495744303,0.1345285390270874,0,0,50,REUSED_20260927
APP-06,applicability_near_miss,HYBRID_RERANK,5,1,1,1.0,SUCCESS,1,0.2235878671053797,0.2101246565580368,0,1,50,REUSED_20260927
APP-06,applicability_near_miss,HYBRID_RERANK,10,1,1,1.0,SUCCESS,1,0.2235878671053797,0.2101246565580368,0,1,50,REUSED_20260927
APP-06,applicability_near_miss,HYBRID_RERANK,15,1,1,1.0,SUCCESS,1,0.2235878671053797,0.2101246565580368,0,1,50,REUSED_20260927
APP-06,applicability_near_miss,KEEP3,5,1,1,1.0,SUCCESS,1,0.1478403756627813,0.1343771651154384,0,0,50,REUSED_20260927
APP-06,applicability_near_miss,KEEP3,10,1,1,1.0,SUCCESS,1,0.1478403756627813,0.1343771651154384,0,0,50,REUSED_20260927
APP-06,applicability_near_miss,KEEP3,15,1,1,1.0,SUCCESS,1,0.1478403756627813,0.1343771651154384,0,0,50,REUSED_20260927
APP-07,applicability_near_miss,STOP,5,1,1,1.0,SUCCESS,1,0.013849222334101796,2.10093567147851e-05,0,0,0,REUSED_20260927
APP-07,applicability_near_miss,STOP,10,1,1,1.0,SUCCESS,1,0.013849222334101796,2.10093567147851e-05,0,0,0,REUSED_20260927
APP-07,applicability_near_miss,STOP,15,1,1,1.0,SUCCESS,1,0.013849222334101796,2.10093567147851e-05,0,0,0,REUSED_20260927
APP-07,applicability_near_miss,RERANK,5,1,1,1.0,SUCCESS,1,0.16620819945819676,0.15237998648080975,0,0,50,REUSED_20260927
APP-07,applicability_near_miss,RERANK,10,1,1,1.0,SUCCESS,1,0.16620819945819676,0.15237998648080975,0,0,50,REUSED_20260927
APP-07,applicability_near_miss,RERANK,15,1,1,1.0,SUCCESS,1,0.16620819945819676,0.15237998648080975,0,0,50,REUSED_20260927
APP-07,applicability_near_miss,REFERENCE,5,1,1,1.0,SUCCESS,1,0.16611956804990768,0.15229135507252067,0,0,50,REUSED_20260927
APP-07,applicability_near_miss,REFERENCE,10,1,1,1.0,SUCCESS,1,0.16611956804990768,0.15229135507252067,0,0,50,REUSED_20260927
APP-07,applicability_near_miss,REFERENCE,15,1,1,1.0,SUCCESS,1,0.16611956804990768,0.15229135507252067,0,0,50,REUSED_20260927
APP-07,applicability_near_miss,SPLIT,5,1,1,1.0,SUCCESS,1,0.1661073249997571,0.1522791120223701,0,0,50,REUSED_20260927
APP-07,applicability_near_miss,SPLIT,10,1,1,1.0,SUCCESS,1,0.1661073249997571,0.1522791120223701,0,0,50,REUSED_20260927
APP-07,applicability_near_miss,SPLIT,15,1,1,1.0,SUCCESS,1,0.1661073249997571,0.1522791120223701,0,0,50,REUSED_20260927
APP-07,applicability_near_miss,HYBRID_RERANK,5,1,1,1.0,SUCCESS,1,0.21481777296867222,0.2009895599912852,0,1,50,REUSED_20260927
APP-07,applicability_near_miss,HYBRID_RERANK,10,1,1,1.0,SUCCESS,1,0.21481777296867222,0.2009895599912852,0,1,50,REUSED_20260927
APP-07,applicability_near_miss,HYBRID_RERANK,15,1,1,1.0,SUCCESS,1,0.21481777296867222,0.2009895599912852,0,1,50,REUSED_20260927
APP-07,applicability_near_miss,KEEP3,5,1,1,1.0,SUCCESS,1,0.16621664550621063,0.15238843252882361,0,0,50,REUSED_20260927
APP-07,applicability_near_miss,KEEP3,10,1,1,1.0,SUCCESS,1,0.16621664550621063,0.15238843252882361,0,0,50,REUSED_20260927
APP-07,applicability_near_miss,KEEP3,15,1,1,1.0,SUCCESS,1,0.16621664550621063,0.15238843252882361,0,0,50,REUSED_20260927
APP-08,applicability_near_miss,STOP,5,1,1,1.0,SUCCESS,1,0.013280277024023235,1.916161272674799e-05,0,0,0,REUSED_20260927
APP-08,applicability_near_miss,STOP,10,1,1,1.0,SUCCESS,1,0.013280277024023235,1.916161272674799e-05,0,0,0,REUSED_20260927
APP-08,applicability_near_miss,STOP,15,1,1,1.0,SUCCESS,1,0.013280277024023235,1.916161272674799e-05,0,0,0,REUSED_20260927
APP-08,applicability_near_miss,RERANK,5,1,1,1.0,SUCCESS,1,0.14787616534158587,0.1346150499302894,0,0,50,REUSED_20260927
APP-08,applicability_near_miss,RERANK,10,1,1,1.0,SUCCESS,1,0.14787616534158587,0.1346150499302894,0,0,50,REUSED_20260927
APP-08,applicability_near_miss,RERANK,15,1,1,1.0,SUCCESS,1,0.14787616534158587,0.1346150499302894,0,0,50,REUSED_20260927
APP-08,applicability_near_miss,REFERENCE,5,1,1,1.0,SUCCESS,1,0.14935726881958544,0.13609615340828896,0,0,50,REUSED_20260927
APP-08,applicability_near_miss,REFERENCE,10,1,1,1.0,SUCCESS,1,0.14935726881958544,0.13609615340828896,0,0,50,REUSED_20260927
APP-08,applicability_near_miss,REFERENCE,15,1,1,1.0,SUCCESS,1,0.14935726881958544,0.13609615340828896,0,0,50,REUSED_20260927
APP-08,applicability_near_miss,SPLIT,5,1,1,1.0,SUCCESS,1,0.1479036818491295,0.134642566437833,0,0,50,REUSED_20260927
APP-08,applicability_near_miss,SPLIT,10,1,1,1.0,SUCCESS,1,0.1479036818491295,0.134642566437833,0,0,50,REUSED_20260927
APP-08,applicability_near_miss,SPLIT,15,1,1,1.0,SUCCESS,1,0.1479036818491295,0.134642566437833,0,0,50,REUSED_20260927
APP-08,applicability_near_miss,HYBRID_RERANK,5,1,1,1.0,SUCCESS,1,0.2503390848869458,0.2370779694756493,0,1,50,REUSED_20260927
APP-08,applicability_near_miss,HYBRID_RERANK,10,1,1,1.0,SUCCESS,1,0.2503390848869458,0.2370779694756493,0,1,50,REUSED_20260927
APP-08,applicability_near_miss,HYBRID_RERANK,15,1,1,1.0,SUCCESS,1,0.2503390848869458,0.2370779694756493,0,1,50,REUSED_20260927
APP-08,applicability_near_miss,KEEP3,5,1,1,1.0,SUCCESS,1,0.14788474619854242,0.13462363078724593,0,0,50,REUSED_20260927
APP-08,applicability_near_miss,KEEP3,10,1,1,1.0,SUCCESS,1,0.14788474619854242,0.13462363078724593,0,0,50,REUSED_20260927
APP-08,applicability_near_miss,KEEP3,15,1,1,1.0,SUCCESS,1,0.14788474619854242,0.13462363078724593,0,0,50,REUSED_20260927
APP-09,applicability_near_miss,STOP,5,1,1,1.0,SUCCESS,1,0.013400617986917496,2.2507505491375923e-05,0,0,0,REUSED_20260927
APP-09,applicability_near_miss,STOP,10,1,1,1.0,SUCCESS,1,0.013400617986917496,2.2507505491375923e-05,0,0,0,REUSED_20260927
APP-09,applicability_near_miss,STOP,15,1,1,1.0,SUCCESS,1,0.013400617986917496,2.2507505491375923e-05,0,0,0,REUSED_20260927
APP-09,applicability_near_miss,RERANK,5,1,1,1.0,SUCCESS,1,0.14943661401048303,0.1360585035290569,0,0,50,REUSED_20260927
APP-09,applicability_near_miss,RERANK,10,1,1,1.0,SUCCESS,1,0.14943661401048303,0.1360585035290569,0,0,50,REUSED_20260927
APP-09,applicability_near_miss,RERANK,15,1,1,1.0,SUCCESS,1,0.14943661401048303,0.1360585035290569,0,0,50,REUSED_20260927
APP-09,applicability_near_miss,REFERENCE,5,1,1,1.0,SUCCESS,1,0.14983655244577676,0.13645844196435064,0,0,50,REUSED_20260927
APP-09,applicability_near_miss,REFERENCE,10,1,1,1.0,SUCCESS,1,0.14983655244577676,0.13645844196435064,0,0,50,REUSED_20260927
APP-09,applicability_near_miss,REFERENCE,15,1,1,1.0,SUCCESS,1,0.14983655244577676,0.13645844196435064,0,0,50,REUSED_20260927
APP-09,applicability_near_miss,SPLIT,5,1,1,1.0,SUCCESS,1,0.14832932443823665,0.13495121395681053,0,0,50,REUSED_20260927
APP-09,applicability_near_miss,SPLIT,10,1,1,1.0,SUCCESS,1,0.14832932443823665,0.13495121395681053,0,0,50,REUSED_20260927
APP-09,applicability_near_miss,SPLIT,15,1,1,1.0,SUCCESS,1,0.14832932443823665,0.13495121395681053,0,0,50,REUSED_20260927
APP-09,applicability_near_miss,HYBRID_RERANK,5,1,1,1.0,SUCCESS,1,0.2510549759026617,0.23767686542123556,0,1,50,REUSED_20260927
APP-09,applicability_near_miss,HYBRID_RERANK,10,1,1,1.0,SUCCESS,1,0.2510549759026617,0.23767686542123556,0,1,50,REUSED_20260927
APP-09,applicability_near_miss,HYBRID_RERANK,15,1,1,1.0,SUCCESS,1,0.2510549759026617,0.23767686542123556,0,1,50,REUSED_20260927
APP-09,applicability_near_miss,KEEP3,5,1,1,1.0,SUCCESS,1,0.1494451150065288,0.13606700452510267,0,0,50,REUSED_20260927
APP-09,applicability_near_miss,KEEP3,10,1,1,1.0,SUCCESS,1,0.1494451150065288,0.13606700452510267,0,0,50,REUSED_20260927
APP-09,applicability_near_miss,KEEP3,15,1,1,1.0,SUCCESS,1,0.1494451150065288,0.13606700452510267,0,0,50,REUSED_20260927
APP-10,applicability_near_miss,STOP,5,1,1,1.0,SUCCESS,1,0.013638706877827644,1.7292913980782032e-05,0,0,0,REUSED_20260927
APP-10,applicability_near_miss,STOP,10,1,1,1.0,SUCCESS,1,0.013638706877827644,1.7292913980782032e-05,0,0,0,REUSED_20260927
APP-10,applicability_near_miss,STOP,15,1,1,1.0,SUCCESS,1,0.013638706877827644,1.7292913980782032e-05,0,0,0,REUSED_20260927
APP-10,applicability_near_miss,RERANK,5,1,1,1.0,SUCCESS,1,0.14287221000995487,0.129250796046108,0,0,50,REUSED_20260927
APP-10,applicability_near_miss,RERANK,10,1,1,1.0,SUCCESS,1,0.14287221000995487,0.129250796046108,0,0,50,REUSED_20260927
APP-10,applicability_near_miss,RERANK,15,1,1,1.0,SUCCESS,1,0.14287221000995487,0.129250796046108,0,0,50,REUSED_20260927
APP-10,applicability_near_miss,REFERENCE,5,1,1,1.0,SUCCESS,1,0.14311433502007276,0.1294929210562259,0,0,50,REUSED_20260927
APP-10,applicability_near_miss,REFERENCE,10,1,1,1.0,SUCCESS,1,0.14311433502007276,0.1294929210562259,0,0,50,REUSED_20260927
APP-10,applicability_near_miss,REFERENCE,15,1,1,1.0,SUCCESS,1,0.14311433502007276,0.1294929210562259,0,0,50,REUSED_20260927
APP-10,applicability_near_miss,SPLIT,5,1,1,1.0,SUCCESS,1,0.14452513097785413,0.13090371701400727,0,0,50,REUSED_20260927
APP-10,applicability_near_miss,SPLIT,10,1,1,1.0,SUCCESS,1,0.14452513097785413,0.13090371701400727,0,0,50,REUSED_20260927
APP-10,applicability_near_miss,SPLIT,15,1,1,1.0,SUCCESS,1,0.14452513097785413,0.13090371701400727,0,0,50,REUSED_20260927
APP-10,applicability_near_miss,HYBRID_RERANK,5,1,1,1.0,SUCCESS,1,0.24387429794296622,0.23025288397911936,0,1,50,REUSED_20260927
APP-10,applicability_near_miss,HYBRID_RERANK,10,1,1,1.0,SUCCESS,1,0.24387429794296622,0.23025288397911936,0,1,50,REUSED_20260927
APP-10,applicability_near_miss,HYBRID_RERANK,15,1,1,1.0,SUCCESS,1,0.24387429794296622,0.23025288397911936,0,1,50,REUSED_20260927
APP-10,applicability_near_miss,KEEP3,5,1,1,1.0,SUCCESS,1,0.1428810415090993,0.12925962754525244,0,0,50,REUSED_20260927
APP-10,applicability_near_miss,KEEP3,10,1,1,1.0,SUCCESS,1,0.1428810415090993,0.12925962754525244,0,0,50,REUSED_20260927
APP-10,applicability_near_miss,KEEP3,15,1,1,1.0,SUCCESS,1,0.1428810415090993,0.12925962754525244,0,0,50,REUSED_20260927
APP-11,applicability_near_miss,STOP,5,1,1,1.0,SUCCESS,1,0.013712355634197593,2.034357748925686e-05,0,0,0,REUSED_20260927
APP-11,applicability_near_miss,STOP,10,1,1,1.0,SUCCESS,1,0.013712355634197593,2.034357748925686e-05,0,0,0,REUSED_20260927
APP-11,applicability_near_miss,STOP,15,1,1,1.0,SUCCESS,1,0.013712355634197593,2.034357748925686e-05,0,0,0,REUSED_20260927
APP-11,applicability_near_miss,RERANK,5,1,1,1.0,SUCCESS,1,0.19652723998297006,0.18283522792626172,0,0,50,REUSED_20260927
APP-11,applicability_near_miss,RERANK,10,1,1,1.0,SUCCESS,1,0.19652723998297006,0.18283522792626172,0,0,50,REUSED_20260927
APP-11,applicability_near_miss,RERANK,15,1,1,1.0,SUCCESS,1,0.19652723998297006,0.18283522792626172,0,0,50,REUSED_20260927
APP-11,applicability_near_miss,REFERENCE,5,1,1,1.0,SUCCESS,1,0.19549338845536113,0.1818013763986528,0,0,50,REUSED_20260927
APP-11,applicability_near_miss,REFERENCE,10,1,1,1.0,SUCCESS,1,0.19549338845536113,0.1818013763986528,0,0,50,REUSED_20260927
APP-11,applicability_near_miss,REFERENCE,15,1,1,1.0,SUCCESS,1,0.19549338845536113,0.1818013763986528,0,0,50,REUSED_20260927
APP-11,applicability_near_miss,SPLIT,5,1,1,1.0,SUCCESS,1,0.19738838053308427,0.18369636847637594,0,0,50,REUSED_20260927
APP-11,applicability_near_miss,SPLIT,10,1,1,1.0,SUCCESS,1,0.19738838053308427,0.18369636847637594,0,0,50,REUSED_20260927
APP-11,applicability_near_miss,SPLIT,15,1,1,1.0,SUCCESS,1,0.19738838053308427,0.18369636847637594,0,0,50,REUSED_20260927
APP-11,applicability_near_miss,HYBRID_RERANK,5,1,1,1.0,SUCCESS,1,0.3038495663786307,0.29015755432192236,0,1,50,REUSED_20260927
APP-11,applicability_near_miss,HYBRID_RERANK,10,1,1,1.0,SUCCESS,1,0.3038495663786307,0.29015755432192236,0,1,50,REUSED_20260927
APP-11,applicability_near_miss,HYBRID_RERANK,15,1,1,1.0,SUCCESS,1,0.3038495663786307,0.29015755432192236,0,1,50,REUSED_20260927
APP-11,applicability_near_miss,KEEP3,5,1,1,1.0,SUCCESS,1,0.19653629208914936,0.18284428003244102,0,0,50,REUSED_20260927
APP-11,applicability_near_miss,KEEP3,10,1,1,1.0,SUCCESS,1,0.19653629208914936,0.18284428003244102,0,0,50,REUSED_20260927
APP-11,applicability_near_miss,KEEP3,15,1,1,1.0,SUCCESS,1,0.19653629208914936,0.18284428003244102,0,0,50,REUSED_20260927
APP-12,applicability_near_miss,STOP,5,1,1,1.0,SUCCESS,1,0.013315107906237245,1.68968690559268e-05,0,0,0,REUSED_20260927
APP-12,applicability_near_miss,STOP,10,1,1,1.0,SUCCESS,1,0.013315107906237245,1.68968690559268e-05,0,0,0,REUSED_20260927
APP-12,applicability_near_miss,STOP,15,1,1,1.0,SUCCESS,1,0.013315107906237245,1.68968690559268e-05,0,0,0,REUSED_20260927
APP-12,applicability_near_miss,RERANK,5,1,1,1.0,SUCCESS,1,0.15847568062599748,0.14517746958881617,0,0,50,REUSED_20260927
APP-12,applicability_near_miss,RERANK,10,1,1,1.0,SUCCESS,1,0.15847568062599748,0.14517746958881617,0,0,50,REUSED_20260927
APP-12,applicability_near_miss,RERANK,15,1,1,1.0,SUCCESS,1,0.15847568062599748,0.14517746958881617,0,0,50,REUSED_20260927
APP-12,applicability_near_miss,REFERENCE,5,1,1,1.0,SUCCESS,1,0.1584275244968012,0.14512931345961988,0,0,50,REUSED_20260927
APP-12,applicability_near_miss,REFERENCE,10,1,1,1.0,SUCCESS,1,0.1584275244968012,0.14512931345961988,0,0,50,REUSED_20260927
APP-12,applicability_near_miss,REFERENCE,15,1,1,1.0,SUCCESS,1,0.1584275244968012,0.14512931345961988,0,0,50,REUSED_20260927
APP-12,applicability_near_miss,SPLIT,5,1,1,1.0,SUCCESS,1,0.1592925840523094,0.14599437301512808,0,0,50,REUSED_20260927
APP-12,applicability_near_miss,SPLIT,10,1,1,1.0,SUCCESS,1,0.1592925840523094,0.14599437301512808,0,0,50,REUSED_20260927
APP-12,applicability_near_miss,SPLIT,15,1,1,1.0,SUCCESS,1,0.1592925840523094,0.14599437301512808,0,0,50,REUSED_20260927
APP-12,applicability_near_miss,HYBRID_RERANK,5,1,1,1.0,SUCCESS,1,0.1913529405137524,0.17805472947657108,0,1,50,REUSED_20260927
APP-12,applicability_near_miss,HYBRID_RERANK,10,1,1,1.0,SUCCESS,1,0.1913529405137524,0.17805472947657108,0,1,50,REUSED_20260927
APP-12,applicability_near_miss,HYBRID_RERANK,15,1,1,1.0,SUCCESS,1,0.1913529405137524,0.17805472947657108,0,1,50,REUSED_20260927
APP-12,applicability_near_miss,KEEP3,5,1,1,1.0,SUCCESS,1,0.15848408173769712,0.1451858707005158,0,0,50,REUSED_20260927
APP-12,applicability_near_miss,KEEP3,10,1,1,1.0,SUCCESS,1,0.15848408173769712,0.1451858707005158,0,0,50,REUSED_20260927
APP-12,applicability_near_miss,KEEP3,15,1,1,1.0,SUCCESS,1,0.15848408173769712,0.1451858707005158,0,0,50,REUSED_20260927
MUL-01,multi_evidence,STOP,5,1,1,1.0,SUCCESS,1,0.013216627528890967,1.9146478734910488e-05,0,0,0,REUSED_20260927
MUL-01,multi_evidence,STOP,10,1,1,1.0,SUCCESS,1,0.013216627528890967,1.9146478734910488e-05,0,0,0,REUSED_20260927
MUL-01,multi_evidence,STOP,15,1,1,1.0,SUCCESS,1,0.013216627528890967,1.9146478734910488e-05,0,0,0,REUSED_20260927
MUL-01,multi_evidence,RERANK,5,1,1,1.0,SUCCESS,1,0.13826744607649744,0.12506996502634138,0,0,50,REUSED_20260927
MUL-01,multi_evidence,RERANK,10,1,1,1.0,SUCCESS,1,0.13826744607649744,0.12506996502634138,0,0,50,REUSED_20260927
MUL-01,multi_evidence,RERANK,15,1,1,1.0,SUCCESS,1,0.13826744607649744,0.12506996502634138,0,0,50,REUSED_20260927
MUL-01,multi_evidence,REFERENCE,5,1,1,1.0,SUCCESS,1,0.1381123496685177,0.12491486861836165,0,0,50,REUSED_20260927
MUL-01,multi_evidence,REFERENCE,10,1,1,1.0,SUCCESS,1,0.1381123496685177,0.12491486861836165,0,0,50,REUSED_20260927
MUL-01,multi_evidence,REFERENCE,15,1,1,1.0,SUCCESS,1,0.1381123496685177,0.12491486861836165,0,0,50,REUSED_20260927
MUL-01,multi_evidence,SPLIT,5,1,1,1.0,SUCCESS,1,0.16505660966504365,0.1518591286148876,2,0,50,REUSED_20260927
MUL-01,multi_evidence,SPLIT,10,1,1,1.0,SUCCESS,1,0.16505660966504365,0.1518591286148876,2,0,50,REUSED_20260927
MUL-01,multi_evidence,SPLIT,15,1,1,1.0,SUCCESS,1,0.16505660966504365,0.1518591286148876,2,0,50,REUSED_20260927
MUL-01,multi_evidence,HYBRID_RERANK,5,1,1,1.0,SUCCESS,1,0.26944914704654366,0.2562516659963876,0,1,50,REUSED_20260927
MUL-01,multi_evidence,HYBRID_RERANK,10,1,1,1.0,SUCCESS,1,0.26944914704654366,0.2562516659963876,0,1,50,REUSED_20260927
MUL-01,multi_evidence,HYBRID_RERANK,15,1,1,1.0,SUCCESS,1,0.26944914704654366,0.2562516659963876,0,1,50,REUSED_20260927
MUL-01,multi_evidence,KEEP3,5,1,1,1.0,SUCCESS,1,0.13827576709445566,0.1250782860442996,0,0,50,REUSED_20260927
MUL-01,multi_evidence,KEEP3,10,1,1,1.0,SUCCESS,1,0.13827576709445566,0.1250782860442996,0,0,50,REUSED_20260927
MUL-01,multi_evidence,KEEP3,15,1,1,1.0,SUCCESS,1,0.13827576709445566,0.1250782860442996,0,0,50,REUSED_20260927
MUL-02,multi_evidence,STOP,5,1,1,1.0,SUCCESS,1,0.012996101519092917,1.7027021385729313e-05,0,0,0,REUSED_20260927
MUL-02,multi_evidence,STOP,10,1,1,1.0,SUCCESS,1,0.012996101519092917,1.7027021385729313e-05,0,0,0,REUSED_20260927
MUL-02,multi_evidence,STOP,15,1,1,1.0,SUCCESS,1,0.012996101519092917,1.7027021385729313e-05,0,0,0,REUSED_20260927
MUL-02,multi_evidence,RERANK,5,1,1,1.0,SUCCESS,1,0.14314242044929415,0.13016334595158696,0,0,50,REUSED_20260927
MUL-02,multi_evidence,RERANK,10,1,1,1.0,SUCCESS,1,0.14314242044929415,0.13016334595158696,0,0,50,REUSED_20260927
MUL-02,multi_evidence,RERANK,15,1,1,1.0,SUCCESS,1,0.14314242044929415,0.13016334595158696,0,0,50,REUSED_20260927
MUL-02,multi_evidence,REFERENCE,5,1,1,1.0,SUCCESS,1,0.1454298865282908,0.13245081203058362,0,0,50,REUSED_20260927
MUL-02,multi_evidence,REFERENCE,10,1,1,1.0,SUCCESS,1,0.1454298865282908,0.13245081203058362,0,0,50,REUSED_20260927
MUL-02,multi_evidence,REFERENCE,15,1,1,1.0,SUCCESS,1,0.1454298865282908,0.13245081203058362,0,0,50,REUSED_20260927
MUL-02,multi_evidence,SPLIT,5,1,1,1.0,SUCCESS,1,0.17615225992631167,0.16317318542860448,2,0,50,REUSED_20260927
MUL-02,multi_evidence,SPLIT,10,1,1,1.0,SUCCESS,1,0.17615225992631167,0.16317318542860448,2,0,50,REUSED_20260927
MUL-02,multi_evidence,SPLIT,15,1,1,1.0,SUCCESS,1,0.17615225992631167,0.16317318542860448,2,0,50,REUSED_20260927
MUL-02,multi_evidence,HYBRID_RERANK,5,1,1,1.0,SUCCESS,1,0.3342119085136801,0.3212328340159729,0,1,50,REUSED_20260927
MUL-02,multi_evidence,HYBRID_RERANK,10,1,1,1.0,SUCCESS,1,0.3342119085136801,0.3212328340159729,0,1,50,REUSED_20260927
MUL-02,multi_evidence,HYBRID_RERANK,15,1,1,1.0,SUCCESS,1,0.3342119085136801,0.3212328340159729,0,1,50,REUSED_20260927
MUL-02,multi_evidence,KEEP3,5,1,1,1.0,SUCCESS,1,0.1431508813984692,0.13017180690076202,0,0,50,REUSED_20260927
MUL-02,multi_evidence,KEEP3,10,1,1,1.0,SUCCESS,1,0.1431508813984692,0.13017180690076202,0,0,50,REUSED_20260927
MUL-02,multi_evidence,KEEP3,15,1,1,1.0,SUCCESS,1,0.1431508813984692,0.13017180690076202,0,0,50,REUSED_20260927
MUL-03,multi_evidence,STOP,5,0,1,0.5,RANK_ONLY,0,0.01307318196631968,2.1284911781549454e-05,0,0,0,REUSED_20260927
MUL-03,multi_evidence,STOP,10,1,1,1.0,SUCCESS,1,0.01307318196631968,2.1284911781549454e-05,0,0,0,REUSED_20260927
MUL-03,multi_evidence,STOP,15,1,1,1.0,SUCCESS,1,0.01307318196631968,2.1284911781549454e-05,0,0,0,REUSED_20260927
MUL-03,multi_evidence,RERANK,5,1,1,1.0,RANK_ONLY,0,0.15010713157244027,0.13705523451790214,0,0,50,REUSED_20260927
MUL-03,multi_evidence,RERANK,10,1,1,1.0,SUCCESS,1,0.15010713157244027,0.13705523451790214,0,0,50,REUSED_20260927
MUL-03,multi_evidence,RERANK,15,1,1,1.0,SUCCESS,1,0.15010713157244027,0.13705523451790214,0,0,50,REUSED_20260927
MUL-03,multi_evidence,REFERENCE,5,1,1,1.0,RANK_ONLY,0,0.1515149320475757,0.13846303499303758,0,0,50,REUSED_20260927
MUL-03,multi_evidence,REFERENCE,10,1,1,1.0,SUCCESS,1,0.1515149320475757,0.13846303499303758,0,0,50,REUSED_20260927
MUL-03,multi_evidence,REFERENCE,15,1,1,1.0,SUCCESS,1,0.1515149320475757,0.13846303499303758,0,0,50,REUSED_20260927
MUL-03,multi_evidence,SPLIT,5,1,1,1.0,RANK_ONLY,0,0.1727119580609724,0.15966006100643426,2,0,50,REUSED_20260927
MUL-03,multi_evidence,SPLIT,10,1,1,1.0,SUCCESS,1,0.1727119580609724,0.15966006100643426,2,0,50,REUSED_20260927
MUL-03,multi_evidence,SPLIT,15,1,1,1.0,SUCCESS,1,0.1727119580609724,0.15966006100643426,2,0,50,REUSED_20260927
MUL-03,multi_evidence,HYBRID_RERANK,5,1,1,1.0,RANK_ONLY,0,0.19728610711172223,0.1842342100571841,0,1,50,REUSED_20260927
MUL-03,multi_evidence,HYBRID_RERANK,10,1,1,1.0,SUCCESS,1,0.19728610711172223,0.1842342100571841,0,1,50,REUSED_20260927
MUL-03,multi_evidence,HYBRID_RERANK,15,1,1,1.0,SUCCESS,1,0.19728610711172223,0.1842342100571841,0,1,50,REUSED_20260927
MUL-03,multi_evidence,KEEP3,5,1,1,1.0,RANK_ONLY,0,0.1501150366384536,0.13706313958391547,0,0,50,REUSED_20260927
MUL-03,multi_evidence,KEEP3,10,1,1,1.0,SUCCESS,1,0.1501150366384536,0.13706313958391547,0,0,50,REUSED_20260927
MUL-03,multi_evidence,KEEP3,15,1,1,1.0,SUCCESS,1,0.1501150366384536,0.13706313958391547,0,0,50,REUSED_20260927
MUL-04,multi_evidence,STOP,5,1,1,1.0,SUCCESS,1,0.013113904162310064,1.7107115127146244e-05,0,0,0,REUSED_20260927
MUL-04,multi_evidence,STOP,10,1,1,1.0,SUCCESS,1,0.013113904162310064,1.7107115127146244e-05,0,0,0,REUSED_20260927
MUL-04,multi_evidence,STOP,15,1,1,1.0,SUCCESS,1,0.013113904162310064,1.7107115127146244e-05,0,0,0,REUSED_20260927
MUL-04,multi_evidence,RERANK,5,1,1,1.0,SUCCESS,1,0.14369701070245355,0.13060021365527064,0,0,50,REUSED_20260927
MUL-04,multi_evidence,RERANK,10,1,1,1.0,SUCCESS,1,0.14369701070245355,0.13060021365527064,0,0,50,REUSED_20260927
MUL-04,multi_evidence,RERANK,15,1,1,1.0,SUCCESS,1,0.14369701070245355,0.13060021365527064,0,0,50,REUSED_20260927
MUL-04,multi_evidence,REFERENCE,5,1,1,1.0,SUCCESS,1,0.14445720158983022,0.1313604045426473,0,0,50,REUSED_20260927
MUL-04,multi_evidence,REFERENCE,10,1,1,1.0,SUCCESS,1,0.14445720158983022,0.1313604045426473,0,0,50,REUSED_20260927
MUL-04,multi_evidence,REFERENCE,15,1,1,1.0,SUCCESS,1,0.14445720158983022,0.1313604045426473,0,0,50,REUSED_20260927
MUL-04,multi_evidence,SPLIT,5,1,1,1.0,SUCCESS,1,0.17578519158996642,0.1626883945427835,2,0,50,REUSED_20260927
MUL-04,multi_evidence,SPLIT,10,1,1,1.0,SUCCESS,1,0.17578519158996642,0.1626883945427835,2,0,50,REUSED_20260927
MUL-04,multi_evidence,SPLIT,15,1,1,1.0,SUCCESS,1,0.17578519158996642,0.1626883945427835,2,0,50,REUSED_20260927
MUL-04,multi_evidence,HYBRID_RERANK,5,1,1,1.0,SUCCESS,1,0.1858531206380576,0.17275632359087467,0,1,50,REUSED_20260927
MUL-04,multi_evidence,HYBRID_RERANK,10,1,1,1.0,SUCCESS,1,0.1858531206380576,0.17275632359087467,0,1,50,REUSED_20260927
MUL-04,multi_evidence,HYBRID_RERANK,15,1,1,1.0,SUCCESS,1,0.1858531206380576,0.17275632359087467,0,1,50,REUSED_20260927
MUL-04,multi_evidence,KEEP3,5,1,1,1.0,SUCCESS,1,0.14370488072745502,0.1306080836802721,0,0,50,REUSED_20260927
MUL-04,multi_evidence,KEEP3,10,1,1,1.0,SUCCESS,1,0.14370488072745502,0.1306080836802721,0,0,50,REUSED_20260927
MUL-04,multi_evidence,KEEP3,15,1,1,1.0,SUCCESS,1,0.14370488072745502,0.1306080836802721,0,0,50,REUSED_20260927
MUL-05,multi_evidence,STOP,5,1,1,1.0,SUCCESS,1,0.013799068867228925,2.0208535715937614e-05,0,0,0,REUSED_20260927
MUL-05,multi_evidence,STOP,10,1,1,1.0,SUCCESS,1,0.013799068867228925,2.0208535715937614e-05,0,0,0,REUSED_20260927
MUL-05,multi_evidence,STOP,15,1,1,1.0,SUCCESS,1,0.013799068867228925,2.0208535715937614e-05,0,0,0,REUSED_20260927
MUL-05,multi_evidence,RERANK,5,1,1,1.0,SUCCESS,1,0.14755616732873023,0.13377730699721724,0,0,50,REUSED_20260927
MUL-05,multi_evidence,RERANK,10,1,1,1.0,SUCCESS,1,0.14755616732873023,0.13377730699721724,0,0,50,REUSED_20260927
MUL-05,multi_evidence,RERANK,15,1,1,1.0,SUCCESS,1,0.14755616732873023,0.13377730699721724,0,0,50,REUSED_20260927
MUL-05,multi_evidence,REFERENCE,5,1,1,1.0,SUCCESS,1,0.14735113189090043,0.13357227155938745,0,0,50,REUSED_20260927
MUL-05,multi_evidence,REFERENCE,10,1,1,1.0,SUCCESS,1,0.14735113189090043,0.13357227155938745,0,0,50,REUSED_20260927
MUL-05,multi_evidence,REFERENCE,15,1,1,1.0,SUCCESS,1,0.14735113189090043,0.13357227155938745,0,0,50,REUSED_20260927
MUL-05,multi_evidence,SPLIT,5,1,1,1.0,SUCCESS,1,0.17235991382040083,0.15858105348888785,2,0,50,REUSED_20260927
MUL-05,multi_evidence,SPLIT,10,1,1,1.0,SUCCESS,1,0.17235991382040083,0.15858105348888785,2,0,50,REUSED_20260927
MUL-05,multi_evidence,SPLIT,15,1,1,1.0,SUCCESS,1,0.17235991382040083,0.15858105348888785,2,0,50,REUSED_20260927
MUL-05,multi_evidence,HYBRID_RERANK,5,1,1,1.0,SUCCESS,1,0.18813708645757288,0.1743582261260599,0,1,50,REUSED_20260927
MUL-05,multi_evidence,HYBRID_RERANK,10,1,1,1.0,SUCCESS,1,0.18813708645757288,0.1743582261260599,0,1,50,REUSED_20260927
MUL-05,multi_evidence,HYBRID_RERANK,15,1,1,1.0,SUCCESS,1,0.18813708645757288,0.1743582261260599,0,1,50,REUSED_20260927
MUL-05,multi_evidence,KEEP3,5,1,1,1.0,SUCCESS,1,0.1475642373552546,0.1337853770237416,0,0,50,REUSED_20260927
MUL-05,multi_evidence,KEEP3,10,1,1,1.0,SUCCESS,1,0.1475642373552546,0.1337853770237416,0,0,50,REUSED_20260927
MUL-05,multi_evidence,KEEP3,15,1,1,1.0,SUCCESS,1,0.1475642373552546,0.1337853770237416,0,0,50,REUSED_20260927
MUL-06,multi_evidence,STOP,5,1,1,1.0,SUCCESS,1,0.013095994596369565,1.8935534171760082e-05,0,0,0,REUSED_20260927
MUL-06,multi_evidence,STOP,10,1,1,1.0,SUCCESS,1,0.013095994596369565,1.8935534171760082e-05,0,0,0,REUSED_20260927
MUL-06,multi_evidence,STOP,15,1,1,1.0,SUCCESS,1,0.013095994596369565,1.8935534171760082e-05,0,0,0,REUSED_20260927
MUL-06,multi_evidence,RERANK,5,1,1,1.0,SUCCESS,1,0.14490024012047797,0.13182318105828017,0,0,50,REUSED_20260927
MUL-06,multi_evidence,RERANK,10,1,1,1.0,SUCCESS,1,0.14490024012047797,0.13182318105828017,0,0,50,REUSED_20260927
MUL-06,multi_evidence,RERANK,15,1,1,1.0,SUCCESS,1,0.14490024012047797,0.13182318105828017,0,0,50,REUSED_20260927
MUL-06,multi_evidence,REFERENCE,5,1,1,1.0,SUCCESS,1,0.14361136860679835,0.13053430954460055,0,0,50,REUSED_20260927
MUL-06,multi_evidence,REFERENCE,10,1,1,1.0,SUCCESS,1,0.14361136860679835,0.13053430954460055,0,0,50,REUSED_20260927
MUL-06,multi_evidence,REFERENCE,15,1,1,1.0,SUCCESS,1,0.14361136860679835,0.13053430954460055,0,0,50,REUSED_20260927
MUL-06,multi_evidence,SPLIT,5,1,1,1.0,SUCCESS,1,0.17543468461371958,0.16235762555152178,2,0,50,REUSED_20260927
MUL-06,multi_evidence,SPLIT,10,1,1,1.0,SUCCESS,1,0.17543468461371958,0.16235762555152178,2,0,50,REUSED_20260927
MUL-06,multi_evidence,SPLIT,15,1,1,1.0,SUCCESS,1,0.17543468461371958,0.16235762555152178,2,0,50,REUSED_20260927
MUL-06,multi_evidence,HYBRID_RERANK,5,1,1,1.0,SUCCESS,1,0.20200648857280612,0.18892942951060832,0,1,50,REUSED_20260927
MUL-06,multi_evidence,HYBRID_RERANK,10,1,1,1.0,SUCCESS,1,0.20200648857280612,0.18892942951060832,0,1,50,REUSED_20260927
MUL-06,multi_evidence,HYBRID_RERANK,15,1,1,1.0,SUCCESS,1,0.20200648857280612,0.18892942951060832,0,1,50,REUSED_20260927
MUL-06,multi_evidence,KEEP3,5,1,1,1.0,SUCCESS,1,0.1449078390141949,0.1318307799519971,0,0,50,REUSED_20260927
MUL-06,multi_evidence,KEEP3,10,1,1,1.0,SUCCESS,1,0.1449078390141949,0.1318307799519971,0,0,50,REUSED_20260927
MUL-06,multi_evidence,KEEP3,15,1,1,1.0,SUCCESS,1,0.1449078390141949,0.1318307799519971,0,0,50,REUSED_20260927
MUL-07,multi_evidence,STOP,5,1,1,1.0,SUCCESS,1,0.013679939555004239,1.9582104869186878e-05,0,0,0,REUSED_20260927
MUL-07,multi_evidence,STOP,10,1,1,1.0,SUCCESS,1,0.013679939555004239,1.9582104869186878e-05,0,0,0,REUSED_20260927
MUL-07,multi_evidence,STOP,15,1,1,1.0,SUCCESS,1,0.013679939555004239,1.9582104869186878e-05,0,0,0,REUSED_20260927
MUL-07,multi_evidence,RERANK,5,0,1,0.5,SUCCESS,1,0.1991624654037878,0.18550210795365274,0,0,50,REUSED_20260927
MUL-07,multi_evidence,RERANK,10,1,1,1.0,SUCCESS,1,0.1991624654037878,0.18550210795365274,0,0,50,REUSED_20260927
MUL-07,multi_evidence,RERANK,15,1,1,1.0,SUCCESS,1,0.1991624654037878,0.18550210795365274,0,0,50,REUSED_20260927
MUL-07,multi_evidence,REFERENCE,5,0,1,0.5,SUCCESS,1,0.2002436309121549,0.18658327346201986,0,0,50,REUSED_20260927
MUL-07,multi_evidence,REFERENCE,10,1,1,1.0,SUCCESS,1,0.2002436309121549,0.18658327346201986,0,0,50,REUSED_20260927
MUL-07,multi_evidence,REFERENCE,15,1,1,1.0,SUCCESS,1,0.2002436309121549,0.18658327346201986,0,0,50,REUSED_20260927
MUL-07,multi_evidence,SPLIT,5,0,1,0.5,SUCCESS,1,0.2142178639769554,0.20055750652682036,2,0,50,REUSED_20260927
MUL-07,multi_evidence,SPLIT,10,1,1,1.0,SUCCESS,1,0.2142178639769554,0.20055750652682036,2,0,50,REUSED_20260927
MUL-07,multi_evidence,SPLIT,15,1,1,1.0,SUCCESS,1,0.2142178639769554,0.20055750652682036,2,0,50,REUSED_20260927
MUL-07,multi_evidence,HYBRID_RERANK,5,0,1,0.5,SUCCESS,1,0.2652330824639648,0.25157272501382977,0,1,50,REUSED_20260927
MUL-07,multi_evidence,HYBRID_RERANK,10,1,1,1.0,SUCCESS,1,0.2652330824639648,0.25157272501382977,0,1,50,REUSED_20260927
MUL-07,multi_evidence,HYBRID_RERANK,15,1,1,1.0,SUCCESS,1,0.2652330824639648,0.25157272501382977,0,1,50,REUSED_20260927
MUL-07,multi_evidence,KEEP3,5,1,1,1.0,SUCCESS,1,0.19916991889476776,0.1855095614446327,0,0,50,REUSED_20260927
MUL-07,multi_evidence,KEEP3,10,1,1,1.0,SUCCESS,1,0.19916991889476776,0.1855095614446327,0,0,50,REUSED_20260927
MUL-07,multi_evidence,KEEP3,15,1,1,1.0,SUCCESS,1,0.19916991889476776,0.1855095614446327,0,0,50,REUSED_20260927
MUL-08,multi_evidence,STOP,5,1,1,1.0,SUCCESS,1,0.013560007326304913,2.2927415557205677e-05,0,0,0,REUSED_20260927
MUL-08,multi_evidence,STOP,10,1,1,1.0,SUCCESS,1,0.013560007326304913,2.2927415557205677e-05,0,0,0,REUSED_20260927
MUL-08,multi_evidence,STOP,15,1,1,1.0,SUCCESS,1,0.013560007326304913,2.2927415557205677e-05,0,0,0,REUSED_20260927
MUL-08,multi_evidence,RERANK,5,1,1,1.0,SUCCESS,1,0.20083943498320878,0.18730235507246107,0,0,50,REUSED_20260927
MUL-08,multi_evidence,RERANK,10,1,1,1.0,SUCCESS,1,0.20083943498320878,0.18730235507246107,0,0,50,REUSED_20260927
MUL-08,multi_evidence,RERANK,15,1,1,1.0,SUCCESS,1,0.20083943498320878,0.18730235507246107,0,0,50,REUSED_20260927
MUL-08,multi_evidence,REFERENCE,5,1,1,1.0,SUCCESS,1,0.20268001593649387,0.18914293602574617,0,0,50,REUSED_20260927
MUL-08,multi_evidence,REFERENCE,10,1,1,1.0,SUCCESS,1,0.20268001593649387,0.18914293602574617,0,0,50,REUSED_20260927
MUL-08,multi_evidence,REFERENCE,15,1,1,1.0,SUCCESS,1,0.20268001593649387,0.18914293602574617,0,0,50,REUSED_20260927
MUL-08,multi_evidence,SPLIT,5,1,1,1.0,SUCCESS,1,0.20344593282788992,0.1899088529171422,2,0,50,REUSED_20260927
MUL-08,multi_evidence,SPLIT,10,1,1,1.0,SUCCESS,1,0.20344593282788992,0.1899088529171422,2,0,50,REUSED_20260927
MUL-08,multi_evidence,SPLIT,15,1,1,1.0,SUCCESS,1,0.20344593282788992,0.1899088529171422,2,0,50,REUSED_20260927
MUL-08,multi_evidence,HYBRID_RERANK,5,1,1,1.0,SUCCESS,1,0.19098494842182845,0.17744786851108074,0,1,50,REUSED_20260927
MUL-08,multi_evidence,HYBRID_RERANK,10,1,1,1.0,SUCCESS,1,0.19098494842182845,0.17744786851108074,0,1,50,REUSED_20260927
MUL-08,multi_evidence,HYBRID_RERANK,15,1,1,1.0,SUCCESS,1,0.19098494842182845,0.17744786851108074,0,1,50,REUSED_20260927
MUL-08,multi_evidence,KEEP3,5,1,1,1.0,SUCCESS,1,0.20084657310508192,0.1873094931943342,0,0,50,REUSED_20260927
MUL-08,multi_evidence,KEEP3,10,1,1,1.0,SUCCESS,1,0.20084657310508192,0.1873094931943342,0,0,50,REUSED_20260927
MUL-08,multi_evidence,KEEP3,15,1,1,1.0,SUCCESS,1,0.20084657310508192,0.1873094931943342,0,0,50,REUSED_20260927
MUL-09,multi_evidence,STOP,5,1,1,1.0,SUCCESS,1,0.013857493526302278,1.2408592738211155e-05,0,0,0,REUSED_20260927
MUL-09,multi_evidence,STOP,10,1,1,1.0,SUCCESS,1,0.013857493526302278,1.2408592738211155e-05,0,0,0,REUSED_20260927
MUL-09,multi_evidence,STOP,15,1,1,1.0,SUCCESS,1,0.013857493526302278,1.2408592738211155e-05,0,0,0,REUSED_20260927
MUL-09,multi_evidence,RERANK,5,1,1,1.0,SUCCESS,1,0.17086152627598494,0.15701644134242088,0,0,50,REUSED_20260927
MUL-09,multi_evidence,RERANK,10,1,1,1.0,SUCCESS,1,0.17086152627598494,0.15701644134242088,0,0,50,REUSED_20260927
MUL-09,multi_evidence,RERANK,15,1,1,1.0,SUCCESS,1,0.17086152627598494,0.15701644134242088,0,0,50,REUSED_20260927
MUL-09,multi_evidence,REFERENCE,5,1,1,1.0,SUCCESS,1,0.172024606494233,0.15817952156066895,0,0,50,REUSED_20260927
MUL-09,multi_evidence,REFERENCE,10,1,1,1.0,SUCCESS,1,0.172024606494233,0.15817952156066895,0,0,50,REUSED_20260927
MUL-09,multi_evidence,REFERENCE,15,1,1,1.0,SUCCESS,1,0.172024606494233,0.15817952156066895,0,0,50,REUSED_20260927
MUL-09,multi_evidence,SPLIT,5,1,1,1.0,SUCCESS,1,0.17054924787953496,0.1567041629459709,2,0,50,REUSED_20260927
MUL-09,multi_evidence,SPLIT,10,1,1,1.0,SUCCESS,1,0.17054924787953496,0.1567041629459709,2,0,50,REUSED_20260927
MUL-09,multi_evidence,SPLIT,15,1,1,1.0,SUCCESS,1,0.17054924787953496,0.1567041629459709,2,0,50,REUSED_20260927
MUL-09,multi_evidence,HYBRID_RERANK,5,1,1,1.0,SUCCESS,1,0.22038326098117977,0.2065381760476157,0,1,50,REUSED_20260927
MUL-09,multi_evidence,HYBRID_RERANK,10,1,1,1.0,SUCCESS,1,0.22038326098117977,0.2065381760476157,0,1,50,REUSED_20260927
MUL-09,multi_evidence,HYBRID_RERANK,15,1,1,1.0,SUCCESS,1,0.22038326098117977,0.2065381760476157,0,1,50,REUSED_20260927
MUL-09,multi_evidence,KEEP3,5,1,1,1.0,SUCCESS,1,0.17086917080450803,0.15702408587094396,0,0,50,REUSED_20260927
MUL-09,multi_evidence,KEEP3,10,1,1,1.0,SUCCESS,1,0.17086917080450803,0.15702408587094396,0,0,50,REUSED_20260927
MUL-09,multi_evidence,KEEP3,15,1,1,1.0,SUCCESS,1,0.17086917080450803,0.15702408587094396,0,0,50,REUSED_20260927
MUL-10,multi_evidence,STOP,5,0,1,0.5,RANK_ONLY,0,0.013021289021708071,1.6796519048511982e-05,0,0,0,REUSED_20260927
MUL-10,multi_evidence,STOP,10,1,1,1.0,SUCCESS,1,0.013021289021708071,1.6796519048511982e-05,0,0,0,REUSED_20260927
MUL-10,multi_evidence,STOP,15,1,1,1.0,SUCCESS,1,0.013021289021708071,1.6796519048511982e-05,0,0,0,REUSED_20260927
MUL-10,multi_evidence,RERANK,5,1,1,1.0,RANK_ONLY,0,0.18176159891299903,0.16875710641033947,0,0,50,REUSED_20260927
MUL-10,multi_evidence,RERANK,10,1,1,1.0,SUCCESS,1,0.18176159891299903,0.16875710641033947,0,0,50,REUSED_20260927
MUL-10,multi_evidence,RERANK,15,1,1,1.0,SUCCESS,1,0.18176159891299903,0.16875710641033947,0,0,50,REUSED_20260927
MUL-10,multi_evidence,REFERENCE,5,1,1,1.0,RANK_ONLY,0,0.18192492646630853,0.16892043396364897,0,0,50,REUSED_20260927
MUL-10,multi_evidence,REFERENCE,10,1,1,1.0,SUCCESS,1,0.18192492646630853,0.16892043396364897,0,0,50,REUSED_20260927
MUL-10,multi_evidence,REFERENCE,15,1,1,1.0,SUCCESS,1,0.18192492646630853,0.16892043396364897,0,0,50,REUSED_20260927
MUL-10,multi_evidence,SPLIT,5,1,1,1.0,RANK_ONLY,0,0.20025952893774956,0.18725503643509,2,0,50,REUSED_20260927
MUL-10,multi_evidence,SPLIT,10,1,1,1.0,SUCCESS,1,0.20025952893774956,0.18725503643509,2,0,50,REUSED_20260927
MUL-10,multi_evidence,SPLIT,15,1,1,1.0,SUCCESS,1,0.20025952893774956,0.18725503643509,2,0,50,REUSED_20260927
MUL-10,multi_evidence,HYBRID_RERANK,5,1,1,1.0,RANK_ONLY,0,0.319292007596232,0.30628751509357244,0,1,50,REUSED_20260927
MUL-10,multi_evidence,HYBRID_RERANK,10,1,1,1.0,SUCCESS,1,0.319292007596232,0.30628751509357244,0,1,50,REUSED_20260927
MUL-10,multi_evidence,HYBRID_RERANK,15,1,1,1.0,SUCCESS,1,0.319292007596232,0.30628751509357244,0,1,50,REUSED_20260927
MUL-10,multi_evidence,KEEP3,5,1,1,1.0,RANK_ONLY,0,0.18176848255097866,0.1687639900483191,0,0,50,REUSED_20260927
MUL-10,multi_evidence,KEEP3,10,1,1,1.0,SUCCESS,1,0.18176848255097866,0.1687639900483191,0,0,50,REUSED_20260927
MUL-10,multi_evidence,KEEP3,15,1,1,1.0,SUCCESS,1,0.18176848255097866,0.1687639900483191,0,0,50,REUSED_20260927
MUL-11,multi_evidence,STOP,5,0,1,0.5,RANK_ONLY,0,0.013259814004413784,1.2433971278369427e-05,0,0,0,REUSED_20260927
MUL-11,multi_evidence,STOP,10,1,1,1.0,SUCCESS,1,0.013259814004413784,1.2433971278369427e-05,0,0,0,REUSED_20260927
MUL-11,multi_evidence,STOP,15,1,1,1.0,SUCCESS,1,0.013259814004413784,1.2433971278369427e-05,0,0,0,REUSED_20260927
MUL-11,multi_evidence,RERANK,5,0,1,0.5,RANK_ONLY,0,0.17415888304822147,0.16091150301508605,0,0,50,REUSED_20260927
MUL-11,multi_evidence,RERANK,10,1,1,1.0,SUCCESS,1,0.17415888304822147,0.16091150301508605,0,0,50,REUSED_20260927
MUL-11,multi_evidence,RERANK,15,1,1,1.0,SUCCESS,1,0.17415888304822147,0.16091150301508605,0,0,50,REUSED_20260927
MUL-11,multi_evidence,REFERENCE,5,0,1,0.5,RANK_ONLY,0,0.1751007365528494,0.161853356519714,0,0,50,REUSED_20260927
MUL-11,multi_evidence,REFERENCE,10,1,1,1.0,SUCCESS,1,0.1751007365528494,0.161853356519714,0,0,50,REUSED_20260927
MUL-11,multi_evidence,REFERENCE,15,1,1,1.0,SUCCESS,1,0.1751007365528494,0.161853356519714,0,0,50,REUSED_20260927
MUL-11,multi_evidence,SPLIT,5,0,1,0.5,RANK_ONLY,0,0.20419245609082282,0.1909450760576874,2,0,50,REUSED_20260927
MUL-11,multi_evidence,SPLIT,10,1,1,1.0,SUCCESS,1,0.20419245609082282,0.1909450760576874,2,0,50,REUSED_20260927
MUL-11,multi_evidence,SPLIT,15,1,1,1.0,SUCCESS,1,0.20419245609082282,0.1909450760576874,2,0,50,REUSED_20260927
MUL-11,multi_evidence,HYBRID_RERANK,5,0,1,0.5,RANK_ONLY,0,0.24139784055296332,0.2281504605198279,0,1,50,REUSED_20260927
MUL-11,multi_evidence,HYBRID_RERANK,10,1,1,1.0,SUCCESS,1,0.24139784055296332,0.2281504605198279,0,1,50,REUSED_20260927
MUL-11,multi_evidence,HYBRID_RERANK,15,1,1,1.0,SUCCESS,1,0.24139784055296332,0.2281504605198279,0,1,50,REUSED_20260927
MUL-11,multi_evidence,KEEP3,5,0,1,0.5,RANK_ONLY,0,0.1741657011443749,0.1609183211112395,0,0,50,REUSED_20260927
MUL-11,multi_evidence,KEEP3,10,1,1,1.0,SUCCESS,1,0.1741657011443749,0.1609183211112395,0,0,50,REUSED_20260927
MUL-11,multi_evidence,KEEP3,15,1,1,1.0,SUCCESS,1,0.1741657011443749,0.1609183211112395,0,0,50,REUSED_20260927
MUL-12,multi_evidence,STOP,5,0,1,0.5,RANK_ONLY,0,0.013280446990393102,1.5133526176214218e-05,0,0,0,REUSED_20260927
MUL-12,multi_evidence,STOP,10,0,1,0.5,RANK_ONLY,0,0.013280446990393102,1.5133526176214218e-05,0,0,0,REUSED_20260927
MUL-12,multi_evidence,STOP,15,1,1,1.0,SUCCESS,1,0.013280446990393102,1.5133526176214218e-05,0,0,0,REUSED_20260927
MUL-12,multi_evidence,RERANK,5,1,1,1.0,RANK_ONLY,0,0.2271479689516127,0.21388265548739582,0,0,50,REUSED_20260927
MUL-12,multi_evidence,RERANK,10,1,1,1.0,RANK_ONLY,0,0.2271479689516127,0.21388265548739582,0,0,50,REUSED_20260927
MUL-12,multi_evidence,RERANK,15,1,1,1.0,SUCCESS,1,0.2271479689516127,0.21388265548739582,0,0,50,REUSED_20260927
MUL-12,multi_evidence,REFERENCE,5,1,1,1.0,RANK_ONLY,0,0.2263697439339012,0.2131044304696843,0,0,50,REUSED_20260927
MUL-12,multi_evidence,REFERENCE,10,1,1,1.0,RANK_ONLY,0,0.2263697439339012,0.2131044304696843,0,0,50,REUSED_20260927
MUL-12,multi_evidence,REFERENCE,15,1,1,1.0,SUCCESS,1,0.2263697439339012,0.2131044304696843,0,0,50,REUSED_20260927
MUL-12,multi_evidence,SPLIT,5,1,1,1.0,RANK_ONLY,0,0.25233354803640395,0.23906823457218707,2,0,50,REUSED_20260927
MUL-12,multi_evidence,SPLIT,10,1,1,1.0,RANK_ONLY,0,0.25233354803640395,0.23906823457218707,2,0,50,REUSED_20260927
MUL-12,multi_evidence,SPLIT,15,1,1,1.0,SUCCESS,1,0.25233354803640395,0.23906823457218707,2,0,50,REUSED_20260927
MUL-12,multi_evidence,HYBRID_RERANK,5,1,1,1.0,RANK_ONLY,0,0.2092258189804852,0.1959605055162683,0,1,50,REUSED_20260927
MUL-12,multi_evidence,HYBRID_RERANK,10,1,1,1.0,RANK_ONLY,0,0.2092258189804852,0.1959605055162683,0,1,50,REUSED_20260927
MUL-12,multi_evidence,HYBRID_RERANK,15,1,1,1.0,SUCCESS,1,0.2092258189804852,0.1959605055162683,0,1,50,REUSED_20260927
MUL-12,multi_evidence,KEEP3,5,1,1,1.0,RANK_ONLY,0,0.22715457645244896,0.21388926298823208,0,0,50,REUSED_20260927
MUL-12,multi_evidence,KEEP3,10,1,1,1.0,RANK_ONLY,0,0.22715457645244896,0.21388926298823208,0,0,50,REUSED_20260927
MUL-12,multi_evidence,KEEP3,15,1,1,1.0,SUCCESS,1,0.22715457645244896,0.21388926298823208,0,0,50,REUSED_20260927
REF-01,reference_following,STOP,5,0,1,0.5,RANK_ONLY,0,0.01662546000443399,2.5477958843111992e-05,0,0,0,NEW_QUERY_20260928
REF-01,reference_following,STOP,10,0,1,0.5,RANK_ONLY,0,0.01662546000443399,2.5477958843111992e-05,0,0,0,NEW_QUERY_20260928
REF-01,reference_following,STOP,15,0,1,0.5,RANK_ONLY,0,0.01662546000443399,2.5477958843111992e-05,0,0,0,NEW_QUERY_20260928
REF-01,reference_following,RERANK,5,1,1,1.0,RANK_ONLY,0,0.19628639658913016,0.17968641454353929,0,0,50,NEW_QUERY_20260928
REF-01,reference_following,RERANK,10,1,1,1.0,RANK_ONLY,0,0.19628639658913016,0.17968641454353929,0,0,50,NEW_QUERY_20260928
REF-01,reference_following,RERANK,15,1,1,1.0,RANK_ONLY,0,0.19628639658913016,0.17968641454353929,0,0,50,NEW_QUERY_20260928
REF-01,reference_following,REFERENCE,5,1,1,1.0,RANK_ONLY,0,0.20267072250135243,0.18607074045576155,0,0,50,NEW_QUERY_20260928
REF-01,reference_following,REFERENCE,10,1,1,1.0,RANK_ONLY,0,0.20267072250135243,0.18607074045576155,0,0,50,NEW_QUERY_20260928
REF-01,reference_following,REFERENCE,15,1,1,1.0,RANK_ONLY,0,0.20267072250135243,0.18607074045576155,0,0,50,NEW_QUERY_20260928
REF-01,reference_following,SPLIT,5,0,1,0.5,RANK_ONLY,0,0.21774965000804514,0.20114966796245426,2,0,50,NEW_QUERY_20260928
REF-01,reference_following,SPLIT,10,0,1,0.5,RANK_ONLY,0,0.21774965000804514,0.20114966796245426,2,0,50,NEW_QUERY_20260928
REF-01,reference_following,SPLIT,15,0,1,0.5,RANK_ONLY,0,0.21774965000804514,0.20114966796245426,2,0,50,NEW_QUERY_20260928
REF-01,reference_following,HYBRID_RERANK,5,1,1,1.0,RANK_ONLY,0,0.2683058566180989,0.25170587457250804,0,1,50,NEW_QUERY_20260928
REF-01,reference_following,HYBRID_RERANK,10,1,1,1.0,RANK_ONLY,0,0.2683058566180989,0.25170587457250804,0,1,50,NEW_QUERY_20260928
REF-01,reference_following,HYBRID_RERANK,15,1,1,1.0,RANK_ONLY,0,0.2683058566180989,0.25170587457250804,0,1,50,NEW_QUERY_20260928
REF-01,reference_following,KEEP3,5,1,1,1.0,RANK_ONLY,0,0.196297898539342,0.1796979164937511,0,0,50,NEW_QUERY_20260928
REF-01,reference_following,KEEP3,10,1,1,1.0,RANK_ONLY,0,0.196297898539342,0.1796979164937511,0,0,50,NEW_QUERY_20260928
REF-01,reference_following,KEEP3,15,1,1,1.0,RANK_ONLY,0,0.196297898539342,0.1796979164937511,0,0,50,NEW_QUERY_20260928
REF-02,reference_following,STOP,5,1,1,1.0,SUCCESS,1,0.01659545861184597,2.8198002837598324e-05,0,0,0,NEW_QUERY_20260928
REF-02,reference_following,STOP,10,1,1,1.0,SUCCESS,1,0.01659545861184597,2.8198002837598324e-05,0,0,0,NEW_QUERY_20260928
REF-02,reference_following,STOP,15,1,1,1.0,SUCCESS,1,0.01659545861184597,2.8198002837598324e-05,0,0,0,NEW_QUERY_20260928
REF-02,reference_following,RERANK,5,0,1,0.5,SUCCESS,1,0.19003114756196737,0.173463886952959,0,0,50,NEW_QUERY_20260928
REF-02,reference_following,RERANK,10,1,1,1.0,SUCCESS,1,0.19003114756196737,0.173463886952959,0,0,50,NEW_QUERY_20260928
REF-02,reference_following,RERANK,15,1,1,1.0,SUCCESS,1,0.19003114756196737,0.173463886952959,0,0,50,NEW_QUERY_20260928
REF-02,reference_following,REFERENCE,5,0,1,0.5,SUCCESS,1,0.19214217690750957,0.1755749162985012,0,0,50,NEW_QUERY_20260928
REF-02,reference_following,REFERENCE,10,1,1,1.0,SUCCESS,1,0.19214217690750957,0.1755749162985012,0,0,50,NEW_QUERY_20260928
REF-02,reference_following,REFERENCE,15,1,1,1.0,SUCCESS,1,0.19214217690750957,0.1755749162985012,0,0,50,NEW_QUERY_20260928
REF-02,reference_following,SPLIT,5,0,1,0.5,SUCCESS,1,0.1972987186163664,0.18073145800735801,0,0,50,NEW_QUERY_20260928
REF-02,reference_following,SPLIT,10,1,1,1.0,SUCCESS,1,0.1972987186163664,0.18073145800735801,0,0,50,NEW_QUERY_20260928
REF-02,reference_following,SPLIT,15,1,1,1.0,SUCCESS,1,0.1972987186163664,0.18073145800735801,0,0,50,NEW_QUERY_20260928
REF-02,reference_following,HYBRID_RERANK,5,0,1,0.5,SUCCESS,1,0.3685809861635789,0.35201372555457056,0,1,50,NEW_QUERY_20260928
REF-02,reference_following,HYBRID_RERANK,10,0,1,0.5,SUCCESS,1,0.3685809861635789,0.35201372555457056,0,1,50,NEW_QUERY_20260928
REF-02,reference_following,HYBRID_RERANK,15,1,1,1.0,SUCCESS,1,0.3685809861635789,0.35201372555457056,0,1,50,NEW_QUERY_20260928
REF-02,reference_following,KEEP3,5,1,1,1.0,SUCCESS,1,0.19004174310248345,0.17347448249347508,0,0,50,NEW_QUERY_20260928
REF-02,reference_following,KEEP3,10,1,1,1.0,SUCCESS,1,0.19004174310248345,0.17347448249347508,0,0,50,NEW_QUERY_20260928
REF-02,reference_following,KEEP3,15,1,1,1.0,SUCCESS,1,0.19004174310248345,0.17347448249347508,0,0,50,NEW_QUERY_20260928
REF-03,reference_following,STOP,5,1,1,1.0,SUCCESS,1,0.015353318536654115,1.8920982256531715e-05,0,0,0,NEW_QUERY_20260928
REF-03,reference_following,STOP,10,1,1,1.0,SUCCESS,1,0.015353318536654115,1.8920982256531715e-05,0,0,0,NEW_QUERY_20260928
REF-03,reference_following,STOP,15,1,1,1.0,SUCCESS,1,0.015353318536654115,1.8920982256531715e-05,0,0,0,NEW_QUERY_20260928
REF-03,reference_following,RERANK,5,1,1,1.0,SUCCESS,1,0.18052789301145822,0.16519349545706064,0,0,50,NEW_QUERY_20260928
REF-03,reference_following,RERANK,10,1,1,1.0,SUCCESS,1,0.18052789301145822,0.16519349545706064,0,0,50,NEW_QUERY_20260928
REF-03,reference_following,RERANK,15,1,1,1.0,SUCCESS,1,0.18052789301145822,0.16519349545706064,0,0,50,NEW_QUERY_20260928
REF-03,reference_following,REFERENCE,5,1,1,1.0,SUCCESS,1,0.1786947725340724,0.16336037497967482,0,0,50,NEW_QUERY_20260928
REF-03,reference_following,REFERENCE,10,1,1,1.0,SUCCESS,1,0.1786947725340724,0.16336037497967482,0,0,50,NEW_QUERY_20260928
REF-03,reference_following,REFERENCE,15,1,1,1.0,SUCCESS,1,0.1786947725340724,0.16336037497967482,0,0,50,NEW_QUERY_20260928
REF-03,reference_following,SPLIT,5,1,1,1.0,SUCCESS,1,0.21457896870560944,0.19924457115121186,2,0,50,NEW_QUERY_20260928
REF-03,reference_following,SPLIT,10,1,1,1.0,SUCCESS,1,0.21457896870560944,0.19924457115121186,2,0,50,NEW_QUERY_20260928
REF-03,reference_following,SPLIT,15,1,1,1.0,SUCCESS,1,0.21457896870560944,0.19924457115121186,2,0,50,NEW_QUERY_20260928
REF-03,reference_following,HYBRID_RERANK,5,1,1,1.0,SUCCESS,1,0.19318384060170501,0.17784944304730743,0,1,50,NEW_QUERY_20260928
REF-03,reference_following,HYBRID_RERANK,10,1,1,1.0,SUCCESS,1,0.19318384060170501,0.17784944304730743,0,1,50,NEW_QUERY_20260928
REF-03,reference_following,HYBRID_RERANK,15,1,1,1.0,SUCCESS,1,0.19318384060170501,0.17784944304730743,0,1,50,NEW_QUERY_20260928
REF-03,reference_following,KEEP3,5,1,1,1.0,SUCCESS,1,0.1805379515280947,0.16520355397369713,0,0,50,NEW_QUERY_20260928
REF-03,reference_following,KEEP3,10,1,1,1.0,SUCCESS,1,0.1805379515280947,0.16520355397369713,0,0,50,NEW_QUERY_20260928
REF-03,reference_following,KEEP3,15,1,1,1.0,SUCCESS,1,0.1805379515280947,0.16520355397369713,0,0,50,NEW_QUERY_20260928
REF-04,reference_following,STOP,5,0,1,0.5,RANK_ONLY,0,0.01635298994369805,1.9983039237558842e-05,0,0,0,NEW_QUERY_20260928
REF-04,reference_following,STOP,10,1,1,1.0,SUCCESS,1,0.01635298994369805,1.9983039237558842e-05,0,0,0,NEW_QUERY_20260928
REF-04,reference_following,STOP,15,1,1,1.0,SUCCESS,1,0.01635298994369805,1.9983039237558842e-05,0,0,0,NEW_QUERY_20260928
REF-04,reference_following,RERANK,5,1,1,1.0,RANK_ONLY,0,0.18425581336487085,0.16792280646041036,0,0,50,NEW_QUERY_20260928
REF-04,reference_following,RERANK,10,1,1,1.0,SUCCESS,1,0.18425581336487085,0.16792280646041036,0,0,50,NEW_QUERY_20260928
REF-04,reference_following,RERANK,15,1,1,1.0,SUCCESS,1,0.18425581336487085,0.16792280646041036,0,0,50,NEW_QUERY_20260928
REF-04,reference_following,REFERENCE,5,1,1,1.0,RANK_ONLY,0,0.17617178440559655,0.15983877750113606,0,0,50,NEW_QUERY_20260928
REF-04,reference_following,REFERENCE,10,1,1,1.0,SUCCESS,1,0.17617178440559655,0.15983877750113606,0,0,50,NEW_QUERY_20260928
REF-04,reference_following,REFERENCE,15,1,1,1.0,SUCCESS,1,0.17617178440559655,0.15983877750113606,0,0,50,NEW_QUERY_20260928
REF-04,reference_following,SPLIT,5,1,1,1.0,RANK_ONLY,0,0.21408879198133945,0.19775578507687896,2,0,50,NEW_QUERY_20260928
REF-04,reference_following,SPLIT,10,1,1,1.0,SUCCESS,1,0.21408879198133945,0.19775578507687896,2,0,50,NEW_QUERY_20260928
REF-04,reference_following,SPLIT,15,1,1,1.0,SUCCESS,1,0.21408879198133945,0.19775578507687896,2,0,50,NEW_QUERY_20260928
REF-04,reference_following,HYBRID_RERANK,5,1,1,1.0,RANK_ONLY,0,0.22229466843418777,0.20596166152972728,0,1,50,NEW_QUERY_20260928
REF-04,reference_following,HYBRID_RERANK,10,1,1,1.0,SUCCESS,1,0.22229466843418777,0.20596166152972728,0,1,50,NEW_QUERY_20260928
REF-04,reference_following,HYBRID_RERANK,15,1,1,1.0,SUCCESS,1,0.22229466843418777,0.20596166152972728,0,1,50,NEW_QUERY_20260928
REF-04,reference_following,KEEP3,5,1,1,1.0,RANK_ONLY,0,0.1842653563944623,0.1679323494900018,0,0,50,NEW_QUERY_20260928
REF-04,reference_following,KEEP3,10,1,1,1.0,SUCCESS,1,0.1842653563944623,0.1679323494900018,0,0,50,NEW_QUERY_20260928
REF-04,reference_following,KEEP3,15,1,1,1.0,SUCCESS,1,0.1842653563944623,0.1679323494900018,0,0,50,NEW_QUERY_20260928
REF-05,reference_following,STOP,5,0,1,0.5,RANK_ONLY,0,0.01537955750245601,2.1516112610697746e-05,0,0,0,NEW_QUERY_20260928
REF-05,reference_following,STOP,10,0,1,0.5,RANK_ONLY,0,0.01537955750245601,2.1516112610697746e-05,0,0,0,NEW_QUERY_20260928
REF-05,reference_following,STOP,15,0,1,0.5,RANK_ONLY,0,0.01537955750245601,2.1516112610697746e-05,0,0,0,NEW_QUERY_20260928
REF-05,reference_following,RERANK,5,0,1,0.5,RANK_ONLY,0,0.1736550343921408,0.1582969930022955,0,0,50,NEW_QUERY_20260928
REF-05,reference_following,RERANK,10,0,1,0.5,RANK_ONLY,0,0.1736550343921408,0.1582969930022955,0,0,50,NEW_QUERY_20260928
REF-05,reference_following,RERANK,15,0,1,0.5,RANK_ONLY,0,0.1736550343921408,0.1582969930022955,0,0,50,NEW_QUERY_20260928
REF-05,reference_following,REFERENCE,5,0,1,0.5,RANK_ONLY,0,0.16869687382131815,0.15333883243147284,0,0,50,NEW_QUERY_20260928
REF-05,reference_following,REFERENCE,10,0,1,0.5,RANK_ONLY,0,0.16869687382131815,0.15333883243147284,0,0,50,NEW_QUERY_20260928
REF-05,reference_following,REFERENCE,15,1,1,1.0,RANK_ONLY,0,0.16869687382131815,0.15333883243147284,0,0,50,NEW_QUERY_20260928
REF-05,reference_following,SPLIT,5,0,1,0.5,RANK_ONLY,0,0.22311348479706794,0.20775544340722263,2,0,50,NEW_QUERY_20260928
REF-05,reference_following,SPLIT,10,0,1,0.5,RANK_ONLY,0,0.22311348479706794,0.20775544340722263,2,0,50,NEW_QUERY_20260928
REF-05,reference_following,SPLIT,15,1,1,1.0,RANK_ONLY,0,0.22311348479706794,0.20775544340722263,2,0,50,NEW_QUERY_20260928
REF-05,reference_following,HYBRID_RERANK,5,0,1,0.5,RANK_ONLY,0,0.1878611003048718,0.17250305891502649,0,1,50,NEW_QUERY_20260928
REF-05,reference_following,HYBRID_RERANK,10,0,1,0.5,RANK_ONLY,0,0.1878611003048718,0.17250305891502649,0,1,50,NEW_QUERY_20260928
REF-05,reference_following,HYBRID_RERANK,15,0,1,0.5,RANK_ONLY,0,0.1878611003048718,0.17250305891502649,0,1,50,NEW_QUERY_20260928
REF-05,reference_following,KEEP3,5,0,1,0.5,RANK_ONLY,0,0.17366359033621848,0.15830554894637316,0,0,50,NEW_QUERY_20260928
REF-05,reference_following,KEEP3,10,0,1,0.5,RANK_ONLY,0,0.17366359033621848,0.15830554894637316,0,0,50,NEW_QUERY_20260928
REF-05,reference_following,KEEP3,15,0,1,0.5,RANK_ONLY,0,0.17366359033621848,0.15830554894637316,0,0,50,NEW_QUERY_20260928
REF-06,reference_following,STOP,5,1,1,1.0,SUCCESS,1,0.016844609985128045,1.7583020962774754e-05,0,0,0,NEW_QUERY_20260928
REF-06,reference_following,STOP,10,1,1,1.0,SUCCESS,1,0.016844609985128045,1.7583020962774754e-05,0,0,0,NEW_QUERY_20260928
REF-06,reference_following,STOP,15,1,1,1.0,SUCCESS,1,0.016844609985128045,1.7583020962774754e-05,0,0,0,NEW_QUERY_20260928
REF-06,reference_following,RERANK,5,1,1,1.0,SUCCESS,1,0.30380077101290226,0.286973744048737,0,0,50,NEW_QUERY_20260928
REF-06,reference_following,RERANK,10,1,1,1.0,SUCCESS,1,0.30380077101290226,0.286973744048737,0,0,50,NEW_QUERY_20260928
REF-06,reference_following,RERANK,15,1,1,1.0,SUCCESS,1,0.30380077101290226,0.286973744048737,0,0,50,NEW_QUERY_20260928
REF-06,reference_following,REFERENCE,5,1,1,1.0,SUCCESS,1,0.29732658341526985,0.2804995564511046,0,0,50,NEW_QUERY_20260928
REF-06,reference_following,REFERENCE,10,1,1,1.0,SUCCESS,1,0.29732658341526985,0.2804995564511046,0,0,50,NEW_QUERY_20260928
REF-06,reference_following,REFERENCE,15,1,1,1.0,SUCCESS,1,0.29732658341526985,0.2804995564511046,0,0,50,NEW_QUERY_20260928
REF-06,reference_following,SPLIT,5,1,1,1.0,SUCCESS,1,0.2957430318929255,0.27891600492876023,0,0,50,NEW_QUERY_20260928
REF-06,reference_following,SPLIT,10,1,1,1.0,SUCCESS,1,0.2957430318929255,0.27891600492876023,0,0,50,NEW_QUERY_20260928
REF-06,reference_following,SPLIT,15,1,1,1.0,SUCCESS,1,0.2957430318929255,0.27891600492876023,0,0,50,NEW_QUERY_20260928
REF-06,reference_following,HYBRID_RERANK,5,1,1,1.0,SUCCESS,1,0.3066745975520462,0.2898475705878809,0,1,50,NEW_QUERY_20260928
REF-06,reference_following,HYBRID_RERANK,10,1,1,1.0,SUCCESS,1,0.3066745975520462,0.2898475705878809,0,1,50,NEW_QUERY_20260928
REF-06,reference_following,HYBRID_RERANK,15,1,1,1.0,SUCCESS,1,0.3066745975520462,0.2898475705878809,0,1,50,NEW_QUERY_20260928
REF-06,reference_following,KEEP3,5,1,1,1.0,SUCCESS,1,0.30380875593982637,0.2869817289756611,0,0,50,NEW_QUERY_20260928
REF-06,reference_following,KEEP3,10,1,1,1.0,SUCCESS,1,0.30380875593982637,0.2869817289756611,0,0,50,NEW_QUERY_20260928
REF-06,reference_following,KEEP3,15,1,1,1.0,SUCCESS,1,0.30380875593982637,0.2869817289756611,0,0,50,NEW_QUERY_20260928
REF-07,reference_following,STOP,5,0,1,0.5,RANK_ONLY,0,0.016653233906254172,2.9706046916544437e-05,0,0,0,NEW_QUERY_20260928
REF-07,reference_following,STOP,10,0,1,0.5,RANK_ONLY,0,0.016653233906254172,2.9706046916544437e-05,0,0,0,NEW_QUERY_20260928
REF-07,reference_following,STOP,15,0,1,0.5,RANK_ONLY,0,0.016653233906254172,2.9706046916544437e-05,0,0,0,NEW_QUERY_20260928
REF-07,reference_following,RERANK,5,1,1,1.0,RANK_ONLY,0,0.18097094784025103,0.1643474199809134,0,0,50,NEW_QUERY_20260928
REF-07,reference_following,RERANK,10,1,1,1.0,RANK_ONLY,0,0.18097094784025103,0.1643474199809134,0,0,50,NEW_QUERY_20260928
REF-07,reference_following,RERANK,15,1,1,1.0,RANK_ONLY,0,0.18097094784025103,0.1643474199809134,0,0,50,NEW_QUERY_20260928
REF-07,reference_following,REFERENCE,5,1,1,1.0,RANK_ONLY,0,0.18449728039558977,0.16787375253625214,0,0,50,NEW_QUERY_20260928
REF-07,reference_following,REFERENCE,10,1,1,1.0,RANK_ONLY,0,0.18449728039558977,0.16787375253625214,0,0,50,NEW_QUERY_20260928
REF-07,reference_following,REFERENCE,15,1,1,1.0,RANK_ONLY,0,0.18449728039558977,0.16787375253625214,0,0,50,NEW_QUERY_20260928
REF-07,reference_following,SPLIT,5,1,1,1.0,RANK_ONLY,0,0.21250751346815377,0.19588398560881615,2,0,50,NEW_QUERY_20260928
REF-07,reference_following,SPLIT,10,1,1,1.0,RANK_ONLY,0,0.21250751346815377,0.19588398560881615,2,0,50,NEW_QUERY_20260928
REF-07,reference_following,SPLIT,15,1,1,1.0,RANK_ONLY,0,0.21250751346815377,0.19588398560881615,2,0,50,NEW_QUERY_20260928
REF-07,reference_following,HYBRID_RERANK,5,1,1,1.0,RANK_ONLY,0,0.2209917358122766,0.20436820795293897,0,1,50,NEW_QUERY_20260928
REF-07,reference_following,HYBRID_RERANK,10,1,1,1.0,RANK_ONLY,0,0.2209917358122766,0.20436820795293897,0,1,50,NEW_QUERY_20260928
REF-07,reference_following,HYBRID_RERANK,15,1,1,1.0,RANK_ONLY,0,0.2209917358122766,0.20436820795293897,0,1,50,NEW_QUERY_20260928
REF-07,reference_following,KEEP3,5,0,1,0.5,RANK_ONLY,0,0.18098045093938708,0.16435692308004946,0,0,50,NEW_QUERY_20260928
REF-07,reference_following,KEEP3,10,1,1,1.0,RANK_ONLY,0,0.18098045093938708,0.16435692308004946,0,0,50,NEW_QUERY_20260928
REF-07,reference_following,KEEP3,15,1,1,1.0,RANK_ONLY,0,0.18098045093938708,0.16435692308004946,0,0,50,NEW_QUERY_20260928
REF-08,reference_following,STOP,5,0,1,0.5,RANK_ONLY,0,0.016718731494620442,2.6029418222606182e-05,0,0,0,NEW_QUERY_20260928
REF-08,reference_following,STOP,10,1,1,1.0,SUCCESS,1,0.016718731494620442,2.6029418222606182e-05,0,0,0,NEW_QUERY_20260928
REF-08,reference_following,STOP,15,1,1,1.0,SUCCESS,1,0.016718731494620442,2.6029418222606182e-05,0,0,0,NEW_QUERY_20260928
REF-08,reference_following,RERANK,5,1,1,1.0,RANK_ONLY,0,0.26048311113845557,0.24379040906205773,0,0,50,NEW_QUERY_20260928
REF-08,reference_following,RERANK,10,1,1,1.0,SUCCESS,1,0.26048311113845557,0.24379040906205773,0,0,50,NEW_QUERY_20260928
REF-08,reference_following,RERANK,15,1,1,1.0,SUCCESS,1,0.26048311113845557,0.24379040906205773,0,0,50,NEW_QUERY_20260928
REF-08,reference_following,REFERENCE,5,1,1,1.0,RANK_ONLY,0,0.2579710390418768,0.24127833696547896,0,0,50,NEW_QUERY_20260928
REF-08,reference_following,REFERENCE,10,1,1,1.0,SUCCESS,1,0.2579710390418768,0.24127833696547896,0,0,50,NEW_QUERY_20260928
REF-08,reference_following,REFERENCE,15,1,1,1.0,SUCCESS,1,0.2579710390418768,0.24127833696547896,0,0,50,NEW_QUERY_20260928
REF-08,reference_following,SPLIT,5,1,1,1.0,RANK_ONLY,0,0.28105977654922754,0.2643670744728297,2,0,50,NEW_QUERY_20260928
REF-08,reference_following,SPLIT,10,1,1,1.0,SUCCESS,1,0.28105977654922754,0.2643670744728297,2,0,50,NEW_QUERY_20260928
REF-08,reference_following,SPLIT,15,1,1,1.0,SUCCESS,1,0.28105977654922754,0.2643670744728297,2,0,50,NEW_QUERY_20260928
REF-08,reference_following,HYBRID_RERANK,5,1,1,1.0,RANK_ONLY,0,0.2546117681777105,0.23791906610131264,0,1,50,NEW_QUERY_20260928
REF-08,reference_following,HYBRID_RERANK,10,1,1,1.0,SUCCESS,1,0.2546117681777105,0.23791906610131264,0,1,50,NEW_QUERY_20260928
REF-08,reference_following,HYBRID_RERANK,15,1,1,1.0,SUCCESS,1,0.2546117681777105,0.23791906610131264,0,1,50,NEW_QUERY_20260928
REF-08,reference_following,KEEP3,5,1,1,1.0,RANK_ONLY,0,0.2604912166716531,0.24379851459525526,0,0,50,NEW_QUERY_20260928
REF-08,reference_following,KEEP3,10,1,1,1.0,SUCCESS,1,0.2604912166716531,0.24379851459525526,0,0,50,NEW_QUERY_20260928
REF-08,reference_following,KEEP3,15,1,1,1.0,SUCCESS,1,0.2604912166716531,0.24379851459525526,0,0,50,NEW_QUERY_20260928
REF-09,reference_following,STOP,5,0,1,0.5,RANK_ONLY,0,0.014200658886693418,1.6039935871958733e-05,0,0,0,NEW_QUERY_20260928
REF-09,reference_following,STOP,10,1,1,1.0,SUCCESS,1,0.014200658886693418,1.6039935871958733e-05,0,0,0,NEW_QUERY_20260928
REF-09,reference_following,STOP,15,1,1,1.0,SUCCESS,1,0.014200658886693418,1.6039935871958733e-05,0,0,0,NEW_QUERY_20260928
REF-09,reference_following,RERANK,5,1,1,1.0,RANK_ONLY,0,0.38335195695981383,0.3691673380089924,0,0,50,NEW_QUERY_20260928
REF-09,reference_following,RERANK,10,1,1,1.0,SUCCESS,1,0.38335195695981383,0.3691673380089924,0,0,50,NEW_QUERY_20260928
REF-09,reference_following,RERANK,15,1,1,1.0,SUCCESS,1,0.38335195695981383,0.3691673380089924,0,0,50,NEW_QUERY_20260928
REF-09,reference_following,REFERENCE,5,1,1,1.0,RANK_ONLY,0,0.38052736944518983,0.3663427504943684,0,0,50,NEW_QUERY_20260928
REF-09,reference_following,REFERENCE,10,1,1,1.0,SUCCESS,1,0.38052736944518983,0.3663427504943684,0,0,50,NEW_QUERY_20260928
REF-09,reference_following,REFERENCE,15,1,1,1.0,SUCCESS,1,0.38052736944518983,0.3663427504943684,0,0,50,NEW_QUERY_20260928
REF-09,reference_following,SPLIT,5,1,1,1.0,RANK_ONLY,0,0.409584823413752,0.39540020446293056,2,0,50,NEW_QUERY_20260928
REF-09,reference_following,SPLIT,10,1,1,1.0,SUCCESS,1,0.409584823413752,0.39540020446293056,2,0,50,NEW_QUERY_20260928
REF-09,reference_following,SPLIT,15,1,1,1.0,SUCCESS,1,0.409584823413752,0.39540020446293056,2,0,50,NEW_QUERY_20260928
REF-09,reference_following,HYBRID_RERANK,5,1,1,1.0,RANK_ONLY,0,0.3750592154683545,0.36087459651753306,0,1,50,NEW_QUERY_20260928
REF-09,reference_following,HYBRID_RERANK,10,1,1,1.0,SUCCESS,1,0.3750592154683545,0.36087459651753306,0,1,50,NEW_QUERY_20260928
REF-09,reference_following,HYBRID_RERANK,15,1,1,1.0,SUCCESS,1,0.3750592154683545,0.36087459651753306,0,1,50,NEW_QUERY_20260928
REF-09,reference_following,KEEP3,5,1,1,1.0,RANK_ONLY,0,0.3833609640132636,0.3691763450624421,0,0,50,NEW_QUERY_20260928
REF-09,reference_following,KEEP3,10,1,1,1.0,SUCCESS,1,0.3833609640132636,0.3691763450624421,0,0,50,NEW_QUERY_20260928
REF-09,reference_following,KEEP3,15,1,1,1.0,SUCCESS,1,0.3833609640132636,0.3691763450624421,0,0,50,NEW_QUERY_20260928
REF-10,reference_following,STOP,5,0,1,0.5,RANK_ONLY,0,0.01733363908715546,1.7573009245097637e-05,0,0,0,NEW_QUERY_20260928
REF-10,reference_following,STOP,10,0,1,0.5,RANK_ONLY,0,0.01733363908715546,1.7573009245097637e-05,0,0,0,NEW_QUERY_20260928
REF-10,reference_following,STOP,15,0,1,0.5,RANK_ONLY,0,0.01733363908715546,1.7573009245097637e-05,0,0,0,NEW_QUERY_20260928
REF-10,reference_following,RERANK,5,1,1,1.0,RANK_ONLY,0,0.1895258876029402,0.17220982152502984,0,0,50,NEW_QUERY_20260928
REF-10,reference_following,RERANK,10,1,1,1.0,RANK_ONLY,0,0.1895258876029402,0.17220982152502984,0,0,50,NEW_QUERY_20260928
REF-10,reference_following,RERANK,15,1,1,1.0,RANK_ONLY,0,0.1895258876029402,0.17220982152502984,0,0,50,NEW_QUERY_20260928
REF-10,reference_following,REFERENCE,5,1,1,1.0,RANK_ONLY,0,0.19567205861676484,0.17835599253885448,0,0,50,NEW_QUERY_20260928
REF-10,reference_following,REFERENCE,10,1,1,1.0,RANK_ONLY,0,0.19567205861676484,0.17835599253885448,0,0,50,NEW_QUERY_20260928
REF-10,reference_following,REFERENCE,15,1,1,1.0,RANK_ONLY,0,0.19567205861676484,0.17835599253885448,0,0,50,NEW_QUERY_20260928
REF-10,reference_following,SPLIT,5,1,1,1.0,RANK_ONLY,0,0.2248754845932126,0.20755941851530224,2,0,50,NEW_QUERY_20260928
REF-10,reference_following,SPLIT,10,1,1,1.0,RANK_ONLY,0,0.2248754845932126,0.20755941851530224,2,0,50,NEW_QUERY_20260928
REF-10,reference_following,SPLIT,15,1,1,1.0,RANK_ONLY,0,0.2248754845932126,0.20755941851530224,2,0,50,NEW_QUERY_20260928
REF-10,reference_following,HYBRID_RERANK,5,1,1,1.0,RANK_ONLY,0,0.2624901400413364,0.24517407396342605,0,1,50,NEW_QUERY_20260928
REF-10,reference_following,HYBRID_RERANK,10,1,1,1.0,RANK_ONLY,0,0.2624901400413364,0.24517407396342605,0,1,50,NEW_QUERY_20260928
REF-10,reference_following,HYBRID_RERANK,15,1,1,1.0,RANK_ONLY,0,0.2624901400413364,0.24517407396342605,0,1,50,NEW_QUERY_20260928
REF-10,reference_following,KEEP3,5,1,1,1.0,RANK_ONLY,0,0.18953454424627125,0.1722184781683609,0,0,50,NEW_QUERY_20260928
REF-10,reference_following,KEEP3,10,1,1,1.0,RANK_ONLY,0,0.18953454424627125,0.1722184781683609,0,0,50,NEW_QUERY_20260928
REF-10,reference_following,KEEP3,15,1,1,1.0,RANK_ONLY,0,0.18953454424627125,0.1722184781683609,0,0,50,NEW_QUERY_20260928
REF-11,reference_following,STOP,5,0,1,0.5,RANK_ONLY,0,0.017266916926018894,2.2251508198678493e-05,0,0,0,NEW_QUERY_20260928
REF-11,reference_following,STOP,10,1,1,1.0,SUCCESS,1,0.017266916926018894,2.2251508198678493e-05,0,0,0,NEW_QUERY_20260928
REF-11,reference_following,STOP,15,1,1,1.0,SUCCESS,1,0.017266916926018894,2.2251508198678493e-05,0,0,0,NEW_QUERY_20260928
REF-11,reference_following,RERANK,5,1,1,1.0,RANK_ONLY,0,0.18786409636959434,0.17061943095177412,0,0,50,NEW_QUERY_20260928
REF-11,reference_following,RERANK,10,1,1,1.0,SUCCESS,1,0.18786409636959434,0.17061943095177412,0,0,50,NEW_QUERY_20260928
REF-11,reference_following,RERANK,15,1,1,1.0,SUCCESS,1,0.18786409636959434,0.17061943095177412,0,0,50,NEW_QUERY_20260928
REF-11,reference_following,REFERENCE,5,1,1,1.0,RANK_ONLY,0,0.19042068056296557,0.17317601514514536,0,0,50,NEW_QUERY_20260928
REF-11,reference_following,REFERENCE,10,1,1,1.0,SUCCESS,1,0.19042068056296557,0.17317601514514536,0,0,50,NEW_QUERY_20260928
REF-11,reference_following,REFERENCE,15,1,1,1.0,SUCCESS,1,0.19042068056296557,0.17317601514514536,0,0,50,NEW_QUERY_20260928
REF-11,reference_following,SPLIT,5,1,1,1.0,RANK_ONLY,0,0.2223981610732153,0.2051534956553951,2,0,50,NEW_QUERY_20260928
REF-11,reference_following,SPLIT,10,1,1,1.0,SUCCESS,1,0.2223981610732153,0.2051534956553951,2,0,50,NEW_QUERY_20260928
REF-11,reference_following,SPLIT,15,1,1,1.0,SUCCESS,1,0.2223981610732153,0.2051534956553951,2,0,50,NEW_QUERY_20260928
REF-11,reference_following,HYBRID_RERANK,5,1,1,1.0,RANK_ONLY,0,0.20734392886515707,0.19009926344733685,0,1,50,NEW_QUERY_20260928
REF-11,reference_following,HYBRID_RERANK,10,1,1,1.0,SUCCESS,1,0.20734392886515707,0.19009926344733685,0,1,50,NEW_QUERY_20260928
REF-11,reference_following,HYBRID_RERANK,15,1,1,1.0,SUCCESS,1,0.20734392886515707,0.19009926344733685,0,1,50,NEW_QUERY_20260928
REF-11,reference_following,KEEP3,5,1,1,1.0,RANK_ONLY,0,0.18787129037082195,0.17062662495300174,0,0,50,NEW_QUERY_20260928
REF-11,reference_following,KEEP3,10,1,1,1.0,SUCCESS,1,0.18787129037082195,0.17062662495300174,0,0,50,NEW_QUERY_20260928
REF-11,reference_following,KEEP3,15,1,1,1.0,SUCCESS,1,0.18787129037082195,0.17062662495300174,0,0,50,NEW_QUERY_20260928
REF-12,reference_following,STOP,5,0,0,0.0,RANK_ONLY,0,0.028052222565747797,2.7301954105496407e-05,0,0,0,NEW_QUERY_20260928
REF-12,reference_following,STOP,10,0,0,0.0,RANK_ONLY,0,0.028052222565747797,2.7301954105496407e-05,0,0,0,NEW_QUERY_20260928
REF-12,reference_following,STOP,15,0,0,0.0,RANK_ONLY,0,0.028052222565747797,2.7301954105496407e-05,0,0,0,NEW_QUERY_20260928
REF-12,reference_following,RERANK,5,0,0,0.0,RANK_ONLY,0,0.24301334063056856,0.21498842001892626,0,0,50,NEW_QUERY_20260928
REF-12,reference_following,RERANK,10,1,1,1.0,RANK_ONLY,0,0.24301334063056856,0.21498842001892626,0,0,50,NEW_QUERY_20260928
REF-12,reference_following,RERANK,15,1,1,1.0,RANK_ONLY,0,0.24301334063056856,0.21498842001892626,0,0,50,NEW_QUERY_20260928
REF-12,reference_following,REFERENCE,5,0,0,0.0,RANK_ONLY,0,0.24372715211939067,0.21570223150774837,0,0,50,NEW_QUERY_20260928
REF-12,reference_following,REFERENCE,10,1,1,1.0,RANK_ONLY,0,0.24372715211939067,0.21570223150774837,0,0,50,NEW_QUERY_20260928
REF-12,reference_following,REFERENCE,15,1,1,1.0,RANK_ONLY,0,0.24372715211939067,0.21570223150774837,0,0,50,NEW_QUERY_20260928
REF-12,reference_following,SPLIT,5,0,0,0.0,RANK_ONLY,0,0.24628097796812654,0.21825605735648423,0,0,50,NEW_QUERY_20260928
REF-12,reference_following,SPLIT,10,1,1,1.0,RANK_ONLY,0,0.24628097796812654,0.21825605735648423,0,0,50,NEW_QUERY_20260928
REF-12,reference_following,SPLIT,15,1,1,1.0,RANK_ONLY,0,0.24628097796812654,0.21825605735648423,0,0,50,NEW_QUERY_20260928
REF-12,reference_following,HYBRID_RERANK,5,0,0,0.0,RANK_ONLY,0,0.2381319000851363,0.210106979473494,0,1,50,NEW_QUERY_20260928
REF-12,reference_following,HYBRID_RERANK,10,1,1,1.0,RANK_ONLY,0,0.2381319000851363,0.210106979473494,0,1,50,NEW_QUERY_20260928
REF-12,reference_following,HYBRID_RERANK,15,1,1,1.0,RANK_ONLY,0,0.2381319000851363,0.210106979473494,0,1,50,NEW_QUERY_20260928
REF-12,reference_following,KEEP3,5,0,0,0.0,RANK_ONLY,0,0.24302125116810203,0.21499633055645972,0,0,50,NEW_QUERY_20260928
REF-12,reference_following,KEEP3,10,0,1,0.5,RANK_ONLY,0,0.24302125116810203,0.21499633055645972,0,0,50,NEW_QUERY_20260928
REF-12,reference_following,KEEP3,15,1,1,1.0,RANK_ONLY,0,0.24302125116810203,0.21499633055645972,0,0,50,NEW_QUERY_20260928
